---------- PG_BANK  ----------

CREATE TABLE "PG_BANK"
  (
    "ID"              NUMBER(20,0) NOT NULL,
    "BANK_NAME"       VARCHAR2(100 BYTE),
    "BANK_SHORT_NAME" VARCHAR2(50 BYTE),
    "STATUS"          VARCHAR2(20 BYTE),
    "ACQUIRER_ID"     VARCHAR2(50 BYTE),
    "ADDRESS1"        VARCHAR2(100 BYTE),
    "ADDRESS2"        VARCHAR2(100 BYTE),
    "CITY"            VARCHAR2(100 BYTE),
    "STATE"           VARCHAR2(100 BYTE),
    "ZIP"             VARCHAR2(10 BYTE),
    "COUNTRY"         VARCHAR2(100 BYTE),
    "CREATED_DATE"    TIMESTAMP(6) NOT NULL,
    "UPDATED_DATE"    TIMESTAMP(6),
    "CREATED_BY"      VARCHAR2(50 BYTE) NOT NULL,
    "UPDATED_BY"      VARCHAR2(50 BYTE),
    CONSTRAINT "BANK_PK" PRIMARY KEY ("ID")
  ) ;
    
  ---------- SEQUENCE FOR PG_BANK ---------
  
CREATE SEQUENCE "SEQ_PG_BANK" MINVALUE 1 MAXVALUE 99999999999999999999 INCREMENT BY 1 START WITH 1 NOCACHE NOORDER NOCYCLE;

-- PG_SWITCH TABLE ALTER CODE

ALTER TABLE PG_SWITCH RENAME COLUMN SWITCH_IP TO PRIMARY_SWITCH_URL;
ALTER TABLE PG_SWITCH RENAME column SWITCH_PORT TO PRIMARY_SWITCH_PORT;

ALTER TABLE PG_SWITCH ADD (SECONDARY_SWITCH_URL VARCHAR2(50 BYTE),SECONDARY_SWITCH_PORT VARCHAR2(50 BYTE),CREATED_DATE TIMESTAMP(6),UPDATED_DATE TIMESTAMP(6));


CREATE TABLE "PG_RESELLER"
  (
    "RESELLER_ID" NUMBER(20,0) NOT NULL ENABLE, 
	"RESELLER_NAME" VARCHAR2(100 BYTE) NOT NULL ENABLE, 
	"CONTACT_NAME" VARCHAR2(50 BYTE), 
	"EMAIL_ID" VARCHAR2(100 BYTE), 
	"PHONE" NUMBER(13,0), 
	"ACCOUNT_NUMBER" NUMBER(13,0), 
	"ACCOUNT_BALANCE" NUMBER(20,0) DEFAULT 0, 
	"STATUS" VARCHAR2(20 BYTE), 
	"ADDRESS1" VARCHAR2(100 BYTE), 
	"ADDRESS2" VARCHAR2(100 BYTE), 
	"CITY" VARCHAR2(100 BYTE), 
	"STATE" VARCHAR2(100 BYTE), 
	"COUNTRY" VARCHAR2(100 BYTE), 
	"ZIP" VARCHAR2(10 BYTE), 
	"CREATED_BY" VARCHAR2(50 BYTE), 
	"UPDATED_BY" VARCHAR2(50 BYTE), 
	"CREATED_DATE" TIMESTAMP (6) NOT NULL ENABLE, 
	"UPDATED_DATE" TIMESTAMP (6) NOT NULL ENABLE, 
	 CONSTRAINT "PG_RESELLER_PK" PRIMARY KEY ("RESELLER_ID")
  );



CREATE SEQUENCE  "SEQ_PG_RESELLER_ID"  MINVALUE 1 MAXVALUE 99999999999999999999 INCREMENT BY 1 START WITH 1 NOCACHE  NOORDER  NOCYCLE ;


CREATE SEQUENCE  "SEQ_PG_RESELLER_ACCOUNTNUMBER"  MINVALUE 1 MAXVALUE 99999999999999999999 INCREMENT BY 1 START WITH 2000000001 NOCACHE  NOORDER  NOCYCLE ;

ALTER TABLE PG_MERCHANT_CONFIG ADD (AUTO_SETTLEMENT NUMBER(1,0));

ALTER TABLE PG_MERCHANT_CONFIG ADD (VIRTUAL_TERMINAL NUMBER(1,0) );

ALTER TABLE PG_MERCHANT_CONFIG ADD (POS_TERMINAL NUMBER(1,0) );

ALTER TABLE PG_MERCHANT_CONFIG ADD (ONLINE_TERMINAL NUMBER(1,0) );

ALTER TABLE PG_MERCHANT_CONFIG ADD (WEBSITE_ADDRESS Varchar2(255) );

ALTER TABLE PG_MERCHANT_CONFIG ADD (RETURN_URL Varchar2(255) );

ALTER TABLE PG_MERCHANT_CONFIG ADD (CANCEL_URL Varchar2(255) );

ALTER TABLE PG_MERCHANT_CONFIG ADD (PAYOUT_AT Varchar2(225) );

ALTER TABLE PG_MERCHANT ADD (MERCHANT_CATEGORY Varchar2(225) );

ALTER TABLE PG_MERCHANT_CONFIG ADD (PAY_PAGE_CONFIG NUMBER(1,0) );

------------DEVICE TABLE CREATE------------

CREATE TABLE "DEVICE" 
  (	
    "DEVICE_ID" NUMBER NOT NULL ENABLE, 
	"DEVICE_TYPE" VARCHAR2(40 BYTE), 
	"DEVICE_MAKE" VARCHAR2(40 BYTE), 
	"DEVICE_MODEL" VARCHAR2(40 BYTE), 
	"STATUS" VARCHAR2(40 BYTE), 
	"CREATED_BY" VARCHAR2(50 BYTE), 
	"UPDATED_BY" VARCHAR2(50 BYTE), 
	"CREATED_DATE" TIMESTAMP (6), 
	"UPDATED_DATE" TIMESTAMP (6), 
	 CONSTRAINT "DEVICE_PK" PRIMARY KEY ("DEVICE_ID")
	);
	
----------SEQUENCE FOR DEVICE---------

CREATE SEQUENCE  "SEQ_DEVICE"  MINVALUE 1 MAXVALUE 99999999999999999999999999 INCREMENT BY 1 START WITH 1 NOCACHE  NOORDER  NOCYCLE ;

-- PG_MERCHANT ALTER CODE

ALTER TABLE PG_MERCHANT ADD (BANK_ID NUMBER(20,0), RESELLER_ID NUMBER(20,0));

CREATE TABLE PG_PAYMENT_SCHEMES
(
ID NUMBER(10) NOT NULL,
PAYMENT_SCHEME_NAME VARCHAR(20) NOT NULL,
CONTACT_NAME VARCHAR(50),
CONTACT_EMAIL VARCHAR(100) NOT NULL UNIQUE,
CONTACT_PHONE NUMBER(13),
RID VARCHAR(100),
TYPE_OF_CARD VARCHAR(25),
STATUS NUMBER(1) NOT NULL CHECK('STATUS' IN (0,1,2)),
CREATED_BY NUMBER(10,0),
CREATED_DATE TIMESTAMP NOT NULL,
UPDATED_BY  NUMBER(10,0),
UPDATED_DATE TIMESTAMP,

CONSTRAINT PK_PAYMENT_SCHEME_ID PRIMARY KEY(ID)
);


CREATE SEQUENCE  "SEQ_PG_PAYMENT_SCHEME_ID"  MINVALUE 1 MAXVALUE 99999999999999999999 INCREMENT BY 1 START WITH 1 NOCACHE  NOORDER  NOCYCLE ;


------------PG_MERCHANT_ADVANCED_FRAUD TABLE CREATE------------

CREATE TABLE PG_MERCHANT_ADVANCED_FRAUD ( 
	ID  				NUMBER(10) 	NOT NULL ENABLE,
	FILTER_TYPE     	VARCHAR2(20), 
	FILTER_ON     		VARCHAR2(20), 
	DURATION     		VARCHAR2(20), 
	TRANSACTION_LIMIT   VARCHAR2(150), 
	MAX_LIMIT     		VARCHAR2(150), 
	ACTION     			VARCHAR2(20), 
	MERCHANT_CODE		VARCHAR2(50),
	CREATED_DATE    	TIMESTAMP  	NOT NULL, 
	UPDATED_DATE    	TIMESTAMP,
	CREATED_BY			VARCHAR2(50),
	UPDATED_BY			VARCHAR2(50)
);

----------SEQUENCE FOR SEQ_PG_MERCHANT_ADVANCED_FRAUD---------

CREATE SEQUENCE "SEQ_PG_MERCHANT_ADVANCED_FRAUD" MINVALUE 1 MAXVALUE 99999999999999999999 INCREMENT BY 1 START WITH 1 NOCACHE NOORDER NOCYCLE;

ALTER TABLE PG_ADMIN_USER MODIFY (USER_NAME NULL);

---------- PG_TRANSACTION_CATEGORY_CODES CREATE CODES ----------

CREATE TABLE "PG_TRANSACTION_CATEGORY_CODES"
  (
    "ID"                            NUMBER(20,0) NOT NULL,
    "TRANSACTION_CATEGORY_CODE"     VARCHAR2(5 BYTE),
    "DESCRIPTION"                   VARCHAR2(250 BYTE),
    "CREATED_DATE"                  TIMESTAMP(6) NOT NULL,
    "UPDATED_DATE"    				TIMESTAMP(6),
    "CREATED_BY"                   	VARCHAR2(50 BYTE) NOT NULL,
    "UPDATED_BY"      				VARCHAR2(50 BYTE),
    CONSTRAINT "TCC_PK" PRIMARY KEY ("ID")
  ) ;
---------- SEQUENCE FOR PG_TRANSACTION_CATEGORY_CODES ---------

CREATE SEQUENCE "SEQ_PG_TXN_CATEGORY_CODES" MINVALUE 1 MAXVALUE 99999999999999999999 INCREMENT BY 1 START WITH 1 NOCACHE NOORDER NOCYCLE;

----------  INSERTING SEED DATA INTO PG_TRANSACTION_CATEGORY_CODES TABLE ----------

INSERT INTO PG_TRANSACTION_CATEGORY_CODES (ID, TRANSACTION_CATEGORY_CODE, DESCRIPTION, CREATED_DATE, CREATED_BY) VALUES ('1', 'A', 'Automobile/Vehicle Rental', sysdate, 'SEED DATA');
INSERT INTO PG_TRANSACTION_CATEGORY_CODES (ID, TRANSACTION_CATEGORY_CODE, DESCRIPTION, CREATED_DATE, CREATED_BY) VALUES ('2', 'C', 'Manual Cash Disbursement', sysdate, 'SEED DATA');
INSERT INTO PG_TRANSACTION_CATEGORY_CODES (ID, TRANSACTION_CATEGORY_CODE, DESCRIPTION, CREATED_DATE, CREATED_BY) VALUES ('3', 'F', 'Restaurant', sysdate, 'SEED DATA');
INSERT INTO PG_TRANSACTION_CATEGORY_CODES (ID, TRANSACTION_CATEGORY_CODE, DESCRIPTION, CREATED_DATE, CREATED_BY) VALUES ('4', 'H', 'Hotel/Motel', sysdate, 'SEED DATA');
INSERT INTO PG_TRANSACTION_CATEGORY_CODES (ID, TRANSACTION_CATEGORY_CODE, DESCRIPTION, CREATED_DATE, CREATED_BY) VALUES ('5', 'O', 'College/School or Hospital Expense', sysdate, 'SEED DATA');
INSERT INTO PG_TRANSACTION_CATEGORY_CODES (ID, TRANSACTION_CATEGORY_CODE, DESCRIPTION, CREATED_DATE, CREATED_BY) VALUES ('6', 'P', 'Payment Transaction', sysdate, 'SEED DATA');
INSERT INTO PG_TRANSACTION_CATEGORY_CODES (ID, TRANSACTION_CATEGORY_CODE, DESCRIPTION, CREATED_DATE, CREATED_BY) VALUES ('7', 'R', 'All Other Merchants/U.S. Post Exchange or Cardholder-Activated Terminal', sysdate, 'SEED DATA');
INSERT INTO PG_TRANSACTION_CATEGORY_CODES (ID, TRANSACTION_CATEGORY_CODE, DESCRIPTION, CREATED_DATE, CREATED_BY) VALUES ('8', 'T', 'All Other Non–Face-to-Face Transactions', sysdate, 'SEED DATA');
INSERT INTO PG_TRANSACTION_CATEGORY_CODES (ID, TRANSACTION_CATEGORY_CODE, DESCRIPTION, CREATED_DATE, CREATED_BY) VALUES ('9', 'U', 'Cardholder-Activated Terminal or Unique Transactions', sysdate, 'SEED DATA');
INSERT INTO PG_TRANSACTION_CATEGORY_CODES (ID, TRANSACTION_CATEGORY_CODE, DESCRIPTION, CREATED_DATE, CREATED_BY) VALUES ('10', 'X', 'Airline/Railroad/Travel Agency/Transportation', sysdate, 'SEED DATA');
INSERT INTO PG_TRANSACTION_CATEGORY_CODES (ID, TRANSACTION_CATEGORY_CODE, DESCRIPTION, CREATED_DATE, CREATED_BY) VALUES ('11', 'Z', 'Automated Cash Disbursement', sysdate, 'SEED DATA');

---------- PG_MERCHANT_CATEGORY_CODES CREATE CODES ----------

CREATE TABLE "PG_MERCHANT_CATEGORY_CODES"
  (
    "ID"                        NUMBER(20,0) NOT NULL,
    "MERCHANT_CATEGORY_CODE"    VARCHAR2(10 BYTE),
    "TRANSACTION_CATEGORY_CODE" VARCHAR2(10 BYTE),
    "DESCRIPTION"               VARCHAR2(250 BYTE),
    "CREATED_DATE"              TIMESTAMP(6) NOT NULL,
    "UPDATED_DATE"              TIMESTAMP(6),
    "CREATED_BY"                VARCHAR2(50 BYTE) NOT NULL,
    "UPDATED_BY"                VARCHAR2(50 BYTE),
    "STATUS"                    VARCHAR2(20 BYTE),
    CONSTRAINT "MCC_PK" PRIMARY KEY ("ID")
  );

---------- SEQUENCE FOR PG_TRANSACTION_CATEGORY_CODES ---------

CREATE SEQUENCE "SEQ_PG_MERCHANT_CATEGORY_CODES" MINVALUE 1 MAXVALUE 99999999999999999999 INCREMENT BY 1 START WITH 1 NOCACHE NOORDER NOCYCLE;

---------- PG_RECURRING_CUSTOMER_INFO TABLE ALTER----------

ALTER TABLE PG_RECURRING_CUSTOMER_INFO ADD PG_MERCHANT_ID NUMBER(15);

ALTER TABLE PG_RECURRING_CUSTOMER_INFO ADD CONSTRAINT PG_MERCHANT_ID_FK FOREIGN KEY (PG_MERCHANT_ID) REFERENCES PG_MERCHANT_USERS(PG_MERCHANT_ID);

ALTER TABLE PG_RECURRING_CUSTOMER_INFO ADD DAYTIME_PHONE VARCHAR2(20); 

ALTER TABLE PG_RECURRING_CUSTOMER_INFO ADD EVENING_PHONE VARCHAR2(20); 

ALTER TABLE PG_RECURRING_CUSTOMER_INFO ADD DEPARTMENT VARCHAR2(50);

ALTER TABLE PG_RECURRING_CUSTOMER_INFO ADD TITLE VARCHAR2(50);

ALTER TABLE PG_RECURRING_CUSTOMER_INFO ADD COMPANY VARCHAR2(50);

---------- PG_RECURRING_CONTRACT_INFO TABLE ALTER----------

ALTER TABLE  PG_RECURRING_CONTRACT_INFO  ADD  CONTRACT_EXECUTION_REPROCESS	 VARCHAR2(10);

ALTER TABLE PG_BIN_RANGE ADD (SWITCH_ID NUMBER(10,0) );
ALTER TABLE PG_BIN_RANGE ADD (DCC_SUPPORTED NUMBER(10,0) );
ALTER TABLE PG_BIN_RANGE ADD (EMV_SUPPORTED NUMBER(10,0) );

------Add Column ALLOW_ADVANCED_FRAUD_FILTER in PG_MERCHANT------
ALTER TABLE PG_MERCHANT ADD (ALLOW_ADVANCED_FRAUD_FILTER NUMBER(1));

ALTER TABLE PG_ADMIN_USER MODIFY (USER_NAME NULL);

------------TABLES FOR PG_RESELLER_COMMISSION_PROGRAM ------------

CREATE TABLE "PG_COMMISSION_PROGRAM" 
   (	
    "COMMISSION_PROGRAM_ID" NUMBER(10,0) NOT NULL ENABLE, 
	"COMMISSION_NAME" VARCHAR2(50 BYTE) NOT NULL ENABLE, 
	"STATUS" VARCHAR2(10 BYTE), 
	"MERCHANT_ON_BORDING_FEE" NUMBER(10,2), 
	"CREATED_BY" NUMBER(10,0), 
	"UPDATED_BY" NUMBER(10,0), 
	"CREATED_DATE" TIMESTAMP (6), 
	"UPDATED_DATE" TIMESTAMP (6)
   );
   
   CREATE TABLE "PG_COMMISSION_PROGRAM_OTHER" 
   (	
   	"ID" NUMBER(20,0) NOT NULL ENABLE, 
	"COMMISSION_PROGRAM_ID" NUMBER(20,0), 
	"COMMISSION_TYPE" VARCHAR2(20 BYTE), 
	"FLAT_FEE" NUMBER(10,2), 
	"FROM_VALUE" NUMBER(10,2), 
	"TO_VALUE" NUMBER(10,2), 
	"AMOUNT" NUMBER(10,2)
   );

------------PG_RESELLER_COMMISSION_PROGRAM SEQUENCE CREATE------------
CREATE SEQUENCE  "SEQ_PG_OTHER_COMMISSION"  MINVALUE 1 MAXVALUE 99999999999999999999 INCREMENT BY 1 START WITH 41 NOCACHE  NOORDER  NOCYCLE ;

CREATE SEQUENCE "SEQ_PG_COMMISSION_PROGRAM"  MINVALUE 1 MAXVALUE 99999999999999999999 INCREMENT BY 1 START WITH 10 NOCACHE  NOORDER  NOCYCLE ;

CREATE SEQUENCE  "SEQ_PG_DYNAMIC_MDR"  MINVALUE 1 MAXVALUE 999999999999 INCREMENT BY 1 START WITH 1 NOCACHE  NOORDER  NOCYCLE ;
   
   CREATE TABLE "PG_DYNAMIC_MDR" 
   (	
    "MDR_ID" NUMBER(20,0) NOT NULL ENABLE PRIMARY KEY, 
	"BIN_NUMBER" NUMBER(20,0), 
	"PAYMENT_SCHEME" VARCHAR2(255 BYTE), 
	"BANK" VARCHAR2(20 BYTE), 
	"ACCOUNT_TYPE" VARCHAR2(255 BYTE), 
	"PRODUCT_TYPE" VARCHAR2(255 BYTE), 
	"TRANSACTION_TYPE" VARCHAR2(255 BYTE), 
	"SLAB" NUMBER(10,0), 
	"CREATED_BY" VARCHAR2(20 BYTE) NOT NULL ENABLE, 
	"UPDATED_BY" VARCHAR2(20 BYTE), 
	"CREATED_DATE" TIMESTAMP (6) NOT NULL ENABLE, 
	"UPDATED_DATE" TIMESTAMP (6));
	
	
---------- SEQUENCE FOR PG_CA_PUBLIC_KEYS ---------
CREATE SEQUENCE  "SEQ_PG_PUBLIC_KEY_ID"  MINVALUE 1 MAXVALUE 99999999999999999999 INCREMENT BY 1 START WITH 1 NOCACHE  NOORDER  NOCYCLE ;

---------- PG_CA_PUBLIC_KEYS TABLE ALTER----------
ALTER TABLE PG_CA_PUBLIC_KEYS ADD (STATUS VARCHAR2(20 BYTE));
ALTER TABLE PG_CA_PUBLIC_KEYS ADD (R_ID VARCHAR2(100 BYTE));
ALTER TABLE PG_CA_PUBLIC_KEYS ADD (PUBLIC_KEY_MODULUS VARCHAR2(1000 BYTE));
ALTER TABLE PG_CA_PUBLIC_KEYS ADD (PUBLIC_KEY_EXPONENT NUMBER);
ALTER TABLE PG_CA_PUBLIC_KEYS ADD (PUBLIC_KEY_INDEX VARCHAR2(20 BYTE));
ALTER TABLE PG_CA_PUBLIC_KEYS ADD (EXPIRY_DATE VARCHAR2(20 BYTE));
	
	
------Add Column DCC_ENABLE in PG_MERCHANT------	
ALTER TABLE PG_MERCHANT ADD DCC_ENABLE NUMBER(1,0) DEFAULT 0;

---------- PG_CURRENCY_CODE TABLE ----------
CREATE TABLE  "PG_CURRENCY_CODE" 
   (	
   "ID" NUMBER(20,0) NOT NULL ENABLE, 
	"COUNTRY_ID" NUMBER(20,0), 
	"CODE" VARCHAR2(255 BYTE), 
	"CREATED_BY" VARCHAR2(20 BYTE) NOT NULL ENABLE, 
	"CREATED_DATE" TIMESTAMP (6) NOT NULL ENABLE, 
	"STATUS" NUMBER(1,0), 
	 CONSTRAINT "PG_CURRENCY_CODE_PK" PRIMARY KEY ("ID"));
	 
---------- PG_MERCHANT_CURRENCY_MAPPING TABLE ---------- 
 CREATE TABLE  "PG_MERCHANT_CURRENCY_MAPPING" 
   (	
   "PG_MERCHANT_CUR_MAP_ID" NUMBER(20,0), 
	"MERCHANT_CODE" VARCHAR2(100 BYTE), 
	"CURRENCY_CODE" VARCHAR2(100 BYTE), 
	"STATUS" NUMBER(1,0), 
	"CREATED_DATE" TIMESTAMP (6), 
	"CREATED_BY" VARCHAR2(100 BYTE), 
	"UPDATED_DATE" TIMESTAMP (6), 
	"UPDATED_BY" VARCHAR2(100 BYTE), 
	 PRIMARY KEY ("PG_MERCHANT_CUR_MAP_ID"));

---------- SEQUENCE FOR SEQ_PG_MERCHANT_CUR_MAP_ID ---------
CREATE SEQUENCE "SEQ_PG_MERCHANT_CUR_MAP_ID"  MINVALUE 1 MAXVALUE 99999999999999999999 INCREMENT BY 1 START WITH 1 CACHE 20 NOORDER  NOCYCLE ;
	 
---------- PG_MERCHANT_DCC_MARKUP TABLE ---------- 	 
CREATE TABLE "PG_MERCHANT_DCC_MARKUP" 
   (	
   "PG_MERCHANT_DCC_MARKUP_ID" NUMBER(15,0) NOT NULL ENABLE, 
	"MERCHANT_CODE" VARCHAR2(50 BYTE) NOT NULL ENABLE, 
	"BASE_CURRENCY" VARCHAR2(10 BYTE) NOT NULL ENABLE, 
	"TRANSACTION_CURRENCY" VARCHAR2(10 BYTE) NOT NULL ENABLE, 
	"MARKUP_FEE" NUMBER(10,2) NOT NULL ENABLE, 
	"STATUS" NUMBER(1,0) NOT NULL ENABLE, 
	"CREATED_DATE" TIMESTAMP (6), 
	"UPDATED_DATE" TIMESTAMP (6), 
	 PRIMARY KEY ("PG_MERCHANT_DCC_MARKUP_ID"));

---------- SEQUENCE FOR SEQ_PG_MERCHANT_DCC_MARKUP ---------
CREATE SEQUENCE "SEQ_PG_MERCHANT_DCC_MARKUP"  MINVALUE 1 MAXVALUE 99999999999999999999 INCREMENT BY 1 START WITH 1 NOCACHE  NOORDER  NOCYCLE ;

---------- PG_DCC_BIN_RANGE TABLE ---------- 	
CREATE TABLE "PG_DCC_BIN_RANGE" 
   (	
   	"PG_DCC_BIN_RANGE_ID" NUMBER(20,0) NOT NULL ENABLE, 
	"HIGH_CARD_BIN_RANGE" VARCHAR2(20 BYTE), 
	"LOW_CARD_BIN_RANGE" VARCHAR2(20 BYTE), 
	"COUNTRY_CODE" VARCHAR2(3 BYTE), 
	"CURRENCY_CODE" VARCHAR2(3 BYTE), 
	"BIN_NETWORK" VARCHAR2(10 BYTE), 
	"CREATED_DATE" TIMESTAMP (6), 
	"CREATED_BY" VARCHAR2(100 BYTE), 
	"UPDATED_DATE" TIMESTAMP (6), 
	"UPDATED_BY" VARCHAR2(100 BYTE), 
	 CONSTRAINT "PG_DCC_BIN_RANGE_PK" PRIMARY KEY ("PG_DCC_BIN_RANGE_ID"));

---------- SEQUENCE FOR SEQ_PG_DCC_BIN_RANGE ---------
CREATE SEQUENCE "SEQ_PG_DCC_BIN_RANGE"  MINVALUE 1 MAXVALUE 999999999999 INCREMENT BY 1 START WITH 1 NOCACHE  NOORDER  NOCYCLE;
	 
---------- PG_DCC_EXCHANGE_RATE TABLE ---------- 	 
CREATE TABLE "PG_DCC_EXCHANGE_RATE" 
   (	
   	"PG_DCC_EXCHANGE_RATE_ID" NUMBER(20,0), 
	"SOURCE_CURRENCY_CODE" NUMBER(5,0), 
	"DESTINATION_CURRENCY_CODE" NUMBER(5,0), 
	"EXCHANGE_RATE" NUMBER(10,4), 
	"SOURCE_CURRENCY_DEC_POS" NUMBER(20,0), 
	"DESTINATION_CURRENCY_DEC_POS" NUMBER(20,0), 
	"CREATED_DATE" TIMESTAMP (6), 
	"UPDATED_DATE" TIMESTAMP (6), 
	 PRIMARY KEY ("PG_DCC_EXCHANGE_RATE_ID"));
	 
	INSERT INTO PG_DCC_BIN_RANGE VALUES (SEQ_PG_DCC_BIN_RANGE.NEXTVAL,0001809999999999 ,  0001800000000000 ,  840 ,840 ,'V' ,CURRENT_TIMESTAMP,1, CURRENT_TIMESTAMP,1);
	INSERT INTO PG_DCC_BIN_RANGE VALUES (SEQ_PG_DCC_BIN_RANGE.NEXTVAL,0004019999999999999 ,  0002483000000000000 ,  840 ,840 ,'V' ,CURRENT_TIMESTAMP,1, CURRENT_TIMESTAMP,1);
	INSERT INTO PG_DCC_BIN_RANGE VALUES (SEQ_PG_DCC_BIN_RANGE.NEXTVAL,4214099999999999 ,  4214090000000000 ,  356 ,356 ,'V' ,CURRENT_TIMESTAMP,1, CURRENT_TIMESTAMP,1);
	INSERT INTO PG_DCC_BIN_RANGE VALUES (SEQ_PG_DCC_BIN_RANGE.NEXTVAL,0049699999999999999 ,  0005000000000000000 ,  840 ,840 ,'V' ,CURRENT_TIMESTAMP,1, CURRENT_TIMESTAMP,1);
	INSERT INTO PG_DCC_BIN_RANGE VALUES (SEQ_PG_DCC_BIN_RANGE.NEXTVAL,0049769999999999999 ,  0049710000000000000 ,  840 ,840 ,'V' ,CURRENT_TIMESTAMP,1, CURRENT_TIMESTAMP,1);
	INSERT INTO PG_DCC_BIN_RANGE VALUES (SEQ_PG_DCC_BIN_RANGE.NEXTVAL,0049789999999999999 ,  0049780000000000000 ,  840 ,840 ,'V' ,CURRENT_TIMESTAMP,1, CURRENT_TIMESTAMP,1);
	INSERT INTO PG_DCC_BIN_RANGE VALUES (SEQ_PG_DCC_BIN_RANGE.NEXTVAL,0049829999999999999 ,  0049800000000000000 ,  840 ,840 ,'V' ,CURRENT_TIMESTAMP,1, CURRENT_TIMESTAMP,1);
	INSERT INTO PG_DCC_BIN_RANGE VALUES (SEQ_PG_DCC_BIN_RANGE.NEXTVAL,0055291099999999999 ,  0049850000000000000 ,  840 ,840 ,'V' ,CURRENT_TIMESTAMP,1, CURRENT_TIMESTAMP,1);
	INSERT INTO PG_DCC_BIN_RANGE VALUES (SEQ_PG_DCC_BIN_RANGE.NEXTVAL,0055291199999999999 ,  0055291100000000000 ,  840 ,840 ,'V' ,CURRENT_TIMESTAMP,1, CURRENT_TIMESTAMP,1);
	INSERT INTO PG_DCC_BIN_RANGE VALUES (SEQ_PG_DCC_BIN_RANGE.NEXTVAL,0112999999999999999 ,  0055291200000000000 ,  840 ,840 ,'V' ,CURRENT_TIMESTAMP,1, CURRENT_TIMESTAMP,1);
	INSERT INTO PG_DCC_BIN_RANGE VALUES (SEQ_PG_DCC_BIN_RANGE.NEXTVAL,0113069999999999 ,  0113000000000000 ,  608 ,608 ,'V' ,CURRENT_TIMESTAMP,1, CURRENT_TIMESTAMP,1);
	INSERT INTO PG_DCC_BIN_RANGE VALUES (SEQ_PG_DCC_BIN_RANGE.NEXTVAL,0113099999999999 ,  0113080000000000 ,  608 ,608 ,'V' ,CURRENT_TIMESTAMP,1, CURRENT_TIMESTAMP,1);
	INSERT INTO PG_DCC_BIN_RANGE VALUES (SEQ_PG_DCC_BIN_RANGE.NEXTVAL,0113999999999999 ,  0113100000000000 ,  840 ,840 ,'V' ,CURRENT_TIMESTAMP,1, CURRENT_TIMESTAMP,1);
	INSERT INTO PG_DCC_BIN_RANGE VALUES (SEQ_PG_DCC_BIN_RANGE.NEXTVAL,0215020089999999999 ,  0114000000000000000 ,  840 ,840 ,'V' ,CURRENT_TIMESTAMP,1, CURRENT_TIMESTAMP,1);
	INSERT INTO PG_DCC_BIN_RANGE VALUES (SEQ_PG_DCC_BIN_RANGE.NEXTVAL,0215020099999999999 ,  0215020090000000000 ,  840 ,840 ,'V' ,CURRENT_TIMESTAMP,1, CURRENT_TIMESTAMP,1);
	INSERT INTO PG_DCC_BIN_RANGE VALUES (SEQ_PG_DCC_BIN_RANGE.NEXTVAL,0215020199999999 ,  0215020100000000 ,  630 ,840 ,'V' ,CURRENT_TIMESTAMP,1, CURRENT_TIMESTAMP,1);
	INSERT INTO PG_DCC_BIN_RANGE VALUES (SEQ_PG_DCC_BIN_RANGE.NEXTVAL,0215026599999999999 ,  0215020200000000000 ,  840 ,840 ,'V' ,CURRENT_TIMESTAMP,1, CURRENT_TIMESTAMP,1);
	INSERT INTO PG_DCC_BIN_RANGE VALUES (SEQ_PG_DCC_BIN_RANGE.NEXTVAL,0215026699999999 ,  0215026600000000 ,  840 ,840 ,'V' ,CURRENT_TIMESTAMP,1, CURRENT_TIMESTAMP,1);
	INSERT INTO PG_DCC_BIN_RANGE VALUES (SEQ_PG_DCC_BIN_RANGE.NEXTVAL,0215029099999999999 ,  0215026700000000000 ,  840 ,840 ,'V' ,CURRENT_TIMESTAMP,1, CURRENT_TIMESTAMP,1);
	INSERT INTO PG_DCC_BIN_RANGE VALUES (SEQ_PG_DCC_BIN_RANGE.NEXTVAL,0215029199999999 ,  0215029100000000 ,  840 ,840 ,'V' ,CURRENT_TIMESTAMP,1, CURRENT_TIMESTAMP,1);
	INSERT INTO PG_DCC_BIN_RANGE VALUES (SEQ_PG_DCC_BIN_RANGE.NEXTVAL,0500979999999999999 ,  0215029200000000000 ,  840 ,840 ,'V' ,CURRENT_TIMESTAMP,1, CURRENT_TIMESTAMP,1);
	INSERT INTO PG_DCC_BIN_RANGE VALUES (SEQ_PG_DCC_BIN_RANGE.NEXTVAL,0810108609999999999 ,  0500990000000000000 ,  840 ,840 ,'V' ,CURRENT_TIMESTAMP,1, CURRENT_TIMESTAMP,1);
	INSERT INTO PG_DCC_BIN_RANGE VALUES (SEQ_PG_DCC_BIN_RANGE.NEXTVAL,1520809999999999999 ,  1011000000000000000 ,  840 ,840 ,'V' ,CURRENT_TIMESTAMP,1, CURRENT_TIMESTAMP,1);
	INSERT INTO PG_DCC_BIN_RANGE VALUES (SEQ_PG_DCC_BIN_RANGE.NEXTVAL,2001999999999 ,  2001000000000 ,  840 ,840 ,'V' ,CURRENT_TIMESTAMP,1, CURRENT_TIMESTAMP,1);
	INSERT INTO PG_DCC_BIN_RANGE VALUES (SEQ_PG_DCC_BIN_RANGE.NEXTVAL,2002069999999999999 ,  2002060000000000000 ,  840 ,840 ,'V' ,CURRENT_TIMESTAMP,1, CURRENT_TIMESTAMP,1);
	INSERT INTO PG_DCC_BIN_RANGE VALUES (SEQ_PG_DCC_BIN_RANGE.NEXTVAL,2016999999999 ,  2016000000000 ,  840 ,840 ,'V' ,CURRENT_TIMESTAMP,1, CURRENT_TIMESTAMP,1);
	INSERT INTO PG_DCC_BIN_RANGE VALUES (SEQ_PG_DCC_BIN_RANGE.NEXTVAL,2055129999999999999 ,  2055120000000000000 ,  840 ,840 ,'V' ,CURRENT_TIMESTAMP,1, CURRENT_TIMESTAMP,1);
	INSERT INTO PG_DCC_BIN_RANGE VALUES (SEQ_PG_DCC_BIN_RANGE.NEXTVAL,2055291199999999999 ,  2055291100000000000 ,  840 ,840 ,'V' ,CURRENT_TIMESTAMP,1, CURRENT_TIMESTAMP,1);
	INSERT INTO PG_DCC_BIN_RANGE VALUES (SEQ_PG_DCC_BIN_RANGE.NEXTVAL,2055291199999999999 ,  2055291100000000000 ,  840 ,840 ,'V' ,CURRENT_TIMESTAMP,1, CURRENT_TIMESTAMP,1);
	INSERT INTO PG_DCC_BIN_RANGE VALUES (SEQ_PG_DCC_BIN_RANGE.NEXTVAL,2118852599999999999 ,  2118852500000000000 ,  840 ,840 ,'V' ,CURRENT_TIMESTAMP,1, CURRENT_TIMESTAMP,1);
	INSERT INTO PG_DCC_BIN_RANGE VALUES (SEQ_PG_DCC_BIN_RANGE.NEXTVAL,2214736599999999999 ,  2214736500000000000 ,  840 ,840 ,'V' ,CURRENT_TIMESTAMP,1, CURRENT_TIMESTAMP,1);
	INSERT INTO PG_DCC_BIN_RANGE VALUES (SEQ_PG_DCC_BIN_RANGE.NEXTVAL,2215714799999999 ,  2215714700000000 ,  840 ,840 ,'V' ,CURRENT_TIMESTAMP,1, CURRENT_TIMESTAMP,1);
	INSERT INTO PG_DCC_BIN_RANGE VALUES (SEQ_PG_DCC_BIN_RANGE.NEXTVAL,2215726999999999 ,  2215720000000000 ,  840 ,840 ,'V' ,CURRENT_TIMESTAMP,1, CURRENT_TIMESTAMP,1);
	INSERT INTO PG_DCC_BIN_RANGE VALUES (SEQ_PG_DCC_BIN_RANGE.NEXTVAL,2215727099999999 ,  2215727000000000 ,  840 ,840 ,'V' ,CURRENT_TIMESTAMP,1, CURRENT_TIMESTAMP,1);
	INSERT INTO PG_DCC_BIN_RANGE VALUES (SEQ_PG_DCC_BIN_RANGE.NEXTVAL,2215727199999999 ,  2215727100000000 ,  840 ,840 ,'V' ,CURRENT_TIMESTAMP,1, CURRENT_TIMESTAMP,1);
	INSERT INTO PG_DCC_BIN_RANGE VALUES (SEQ_PG_DCC_BIN_RANGE.NEXTVAL,2215727299999999999 ,  2215727200000000000 ,  840 ,840 ,'V' ,CURRENT_TIMESTAMP,1, CURRENT_TIMESTAMP,1);
	INSERT INTO PG_DCC_BIN_RANGE VALUES (SEQ_PG_DCC_BIN_RANGE.NEXTVAL,2215728299999999 ,  2215727300000000 ,  840 ,840 ,'V' ,CURRENT_TIMESTAMP,1, CURRENT_TIMESTAMP,1);
	INSERT INTO PG_DCC_BIN_RANGE VALUES (SEQ_PG_DCC_BIN_RANGE.NEXTVAL,2215728399999999 ,  2215728300000000 ,  840 ,840 ,'V' ,CURRENT_TIMESTAMP,1, CURRENT_TIMESTAMP,1);
	INSERT INTO PG_DCC_BIN_RANGE VALUES (SEQ_PG_DCC_BIN_RANGE.NEXTVAL,2215728669999999 ,  2215728400000000 ,  840 ,840 ,'V' ,CURRENT_TIMESTAMP,1, CURRENT_TIMESTAMP,1);
	INSERT INTO PG_DCC_BIN_RANGE VALUES (SEQ_PG_DCC_BIN_RANGE.NEXTVAL,2215728679999999 ,  2215728670000000 ,  840 ,840 ,'V' ,CURRENT_TIMESTAMP,1, CURRENT_TIMESTAMP,1);
	INSERT INTO PG_DCC_BIN_RANGE VALUES (SEQ_PG_DCC_BIN_RANGE.NEXTVAL,2215729999999999 ,  2215728680000000 ,  840 ,840 ,'V' ,CURRENT_TIMESTAMP,1, CURRENT_TIMESTAMP,1);
	INSERT INTO PG_DCC_BIN_RANGE VALUES (SEQ_PG_DCC_BIN_RANGE.NEXTVAL,2410714999999999 ,  2410714900000000 ,  840 ,840 ,'V' ,CURRENT_TIMESTAMP,1, CURRENT_TIMESTAMP,1);
	INSERT INTO PG_DCC_BIN_RANGE VALUES (SEQ_PG_DCC_BIN_RANGE.NEXTVAL,2412799999999999999 ,  2412700000000000000 ,  840 ,840 ,'V' ,CURRENT_TIMESTAMP,1, CURRENT_TIMESTAMP,1);
	INSERT INTO PG_DCC_BIN_RANGE VALUES (SEQ_PG_DCC_BIN_RANGE.NEXTVAL,2422799999999999999 ,  2422700000000000000 ,  840 ,840 ,'V' ,CURRENT_TIMESTAMP,1, CURRENT_TIMESTAMP,1);
	INSERT INTO PG_DCC_BIN_RANGE VALUES (SEQ_PG_DCC_BIN_RANGE.NEXTVAL,2531748999999999999 ,  2531748900000000000 ,  840 ,840 ,'V' ,CURRENT_TIMESTAMP,1, CURRENT_TIMESTAMP,1);
	INSERT INTO PG_DCC_BIN_RANGE VALUES (SEQ_PG_DCC_BIN_RANGE.NEXTVAL,2611704899999999999 ,  2611704800000000000 ,  630 ,840 ,'V' ,CURRENT_TIMESTAMP,1, CURRENT_TIMESTAMP,1);
	INSERT INTO PG_DCC_BIN_RANGE VALUES (SEQ_PG_DCC_BIN_RANGE.NEXTVAL,2620875299999999999 ,  2620875200000000000 ,  840 ,840 ,'V' ,CURRENT_TIMESTAMP,1, CURRENT_TIMESTAMP,1);
	INSERT INTO PG_DCC_BIN_RANGE VALUES (SEQ_PG_DCC_BIN_RANGE.NEXTVAL,2670778299999999999 ,  2670778200000000000 ,  840 ,840 ,'V' ,CURRENT_TIMESTAMP,1, CURRENT_TIMESTAMP,1);
	INSERT INTO PG_DCC_BIN_RANGE VALUES (SEQ_PG_DCC_BIN_RANGE.NEXTVAL,2724766599999999999 ,  2724766500000000000 ,  840 ,840 ,'V' ,CURRENT_TIMESTAMP,1, CURRENT_TIMESTAMP,1);
	INSERT INTO PG_DCC_BIN_RANGE VALUES (SEQ_PG_DCC_BIN_RANGE.NEXTVAL,2724855499999999999 ,  2724855400000000000 ,  840 ,840 ,'V' ,CURRENT_TIMESTAMP,1, CURRENT_TIMESTAMP,1);
	INSERT INTO PG_DCC_BIN_RANGE VALUES (SEQ_PG_DCC_BIN_RANGE.NEXTVAL,30449999999999999993 , 021702400000000000 ,  840 ,840 ,'V' ,CURRENT_TIMESTAMP,1, CURRENT_TIMESTAMP,1);
	INSERT INTO PG_DCC_BIN_RANGE VALUES (SEQ_PG_DCC_BIN_RANGE.NEXTVAL,30599099999999 ,  30450000000000 ,  840 ,840 ,'V' ,CURRENT_TIMESTAMP,1, CURRENT_TIMESTAMP,1);
	INSERT INTO PG_DCC_BIN_RANGE VALUES (SEQ_PG_DCC_BIN_RANGE.NEXTVAL,30599999999999 ,  30599100000000 ,  840 ,840 ,'V' ,CURRENT_TIMESTAMP,1, CURRENT_TIMESTAMP,1);
	INSERT INTO PG_DCC_BIN_RANGE VALUES (SEQ_PG_DCC_BIN_RANGE.NEXTVAL,3060049999999999999 ,  3060000000000000000 ,  840 ,840 ,'V' ,CURRENT_TIMESTAMP,1, CURRENT_TIMESTAMP,1);
	INSERT INTO PG_DCC_BIN_RANGE VALUES (SEQ_PG_DCC_BIN_RANGE.NEXTVAL,3088279999999999999 ,  3060060000000000000 ,  840 ,840 ,'V' ,CURRENT_TIMESTAMP,1, CURRENT_TIMESTAMP,1);
	INSERT INTO PG_DCC_BIN_RANGE VALUES (SEQ_PG_DCC_BIN_RANGE.NEXTVAL,3088879999999999999 ,  3088290000000000000 ,  840 ,840 ,'V' ,CURRENT_TIMESTAMP,1, CURRENT_TIMESTAMP,1);
	INSERT INTO PG_DCC_BIN_RANGE VALUES (SEQ_PG_DCC_BIN_RANGE.NEXTVAL,3089509999999999999 ,  3088890000000000000 ,  840 ,840 ,'V' ,CURRENT_TIMESTAMP,1, CURRENT_TIMESTAMP,1);
	INSERT INTO PG_DCC_BIN_RANGE VALUES (SEQ_PG_DCC_BIN_RANGE.NEXTVAL,3089699999999999999 ,  3089520000000000000 ,  840 ,840 ,'V' ,CURRENT_TIMESTAMP,1, CURRENT_TIMESTAMP,1);
	INSERT INTO PG_DCC_BIN_RANGE VALUES (SEQ_PG_DCC_BIN_RANGE.NEXTVAL,3089999999999999999 ,  3089710000000000000 ,  840 ,840 ,'V' ,CURRENT_TIMESTAMP,1, CURRENT_TIMESTAMP,1);
	INSERT INTO PG_DCC_BIN_RANGE VALUES (SEQ_PG_DCC_BIN_RANGE.NEXTVAL,3090089999999999999 ,  3090010000000000000 ,  840 ,840 ,'V' ,CURRENT_TIMESTAMP,1, CURRENT_TIMESTAMP,1);

	---------- PG_CURRENCY_CODE TABLE ---------- 	
INSERT INTO PG_CURRENCY_CODE (ID, COUNTRY_ID,CODE , CREATED_BY, CREATED_DATE) VALUES ('1', '4', 'INR', 'SEED DATA', sysdate);
INSERT INTO PG_CURRENCY_CODE (ID, COUNTRY_ID, CODE, CREATED_BY, CREATED_DATE) VALUES ('2', '2', 'EUR', 'SEED DATA', sysdate);
INSERT INTO PG_CURRENCY_CODE (ID, COUNTRY_ID, CODE, CREATED_BY, CREATED_DATE) VALUES ('3', '3', 'YEN', 'SEED DATA', sysdate);
INSERT INTO PG_CURRENCY_CODE (ID, COUNTRY_ID, CODE, CREATED_BY, CREATED_DATE) VALUES ('4', '1', 'USD', 'SEED DATA' , sysdate);


------------PG_MERCHANT ALTER CODE----------------
ALTER TABLE PG_MERCHANT ADD (LOCAL_CURRENCY VARCHAR2(20 BYTE));

------------PG_DCC_EXCHANGE_RATE ALTER CODE------------------
ALTER TABLE PG_DCC_EXCHANGE_RATE MODIFY SOURCE_CURRENCY_CODE VARCHAR2(100 BYTE);
ALTER TABLE PG_DCC_EXCHANGE_RATE MODIFY DESTINATION_CURRENCY_CODE VARCHAR2(100 BYTE);

-----------SEQUENCE FOR PG_DCC_EXCHANGE_RATE TABLE------------
CREATE SEQUENCE "SEQ_PG_DCC_EXCHANGE_RATE" MINVALUE 1 MAXVALUE 99999999999999999999 INCREMENT BY 1 START WITH 1 NOCACHE NOORDER NOCYCLE;

------------PG_PAY_PAGE_CONFIG TABLE------------------
CREATE TABLE "PG_PAY_PAGE_CONFIG"
  (
    "ID"              NUMBER(20,0) NOT NULL,
    "MERCHANT_ID"     NUMBER(15,0),
    "HEADER_TEXT"     VARCHAR2(100 BYTE),
    "FOOTER_TEXT"     VARCHAR2(100 BYTE),
    "LOGO"            BLOB,
    "CREATED_DATE"    TIMESTAMP(6) NOT NULL,
    "UPDATED_DATE"    TIMESTAMP(6),
    "CREATED_BY"      VARCHAR2(50 BYTE) NOT NULL,
    "UPDATED_BY"      VARCHAR2(50 BYTE),
    CONSTRAINT "PAY_PAGE_CONFIG_PK" PRIMARY KEY ("ID")
  ) ;
  
  -----------SEQUENCE FOR PG_PAY_PAGE_CONFIG TABLE------------
  CREATE SEQUENCE "SEQ_PG_PAY_PAGE_CONFIG" MINVALUE 1 MAXVALUE 99999999999999999999 INCREMENT BY 1 START WITH 1 NOCACHE NOORDER NOCYCLE;


  -----------DROP PG_USER_ROLES TABLE------------
  DROP TABLE PG_USER_ROLES;

  
  ------------PG_USER_ROLES TABLE------------------
	CREATE TABLE "PG_USER_ROLES" 
   ("ROLE_ID" NUMBER(20,0) NOT NULL ENABLE, 
	"ROLE_NAME" VARCHAR2(30 BYTE) NOT NULL ENABLE, 
	"STATUS" NUMBER(1,0) DEFAULT 0, 
	"ROLE_DESCRIPTION" VARCHAR2(100 BYTE) NOT NULL ENABLE, 
	"CREATED_BY" VARCHAR2(20 BYTE) NOT NULL ENABLE, 
	"CREATED_DATE" DATE, 
	"UPDATED_BY" VARCHAR2(20 BYTE), 
	"UPDATED_DATE" DATE, 
	"ROLE_TYPE" VARCHAR2(20 BYTE), 
	 CONSTRAINT "PG_USER_ROLES_PK" PRIMARY KEY ("ROLE_ID"));
	 
	 -----------DROP SEQ_PG_USER_ROLES------------
	 DROP SEQUENCE SEQ_PG_USER_ROLES;
	 
	 -----------SEQUENCE FOR SEQ_PG_USER_ROLES TABLE------------
	 CREATE SEQUENCE  "SEQ_PG_USER_ROLES"  MINVALUE 1 MAXVALUE 99999999999999999999 INCREMENT BY 1 START WITH 5 NOCACHE  NOORDER  NOCYCLE ;
	 
	 ------------PG_USER_ROLES TABLE SEED DATA------------------
	INSERT INTO "PG_USER_ROLES" (ROLE_ID,ROLE_NAME,STATUS,ROLE_DESCRIPTION,CREATED_BY,CREATED_DATE,UPDATED_BY,UPDATED_DATE,ROLE_TYPE) VALUES (1,'SuperAdmin',0,'Admin','5',CURRENT_TIMESTAMP,null,null,'Admin');
	INSERT INTO "PG_USER_ROLES" (ROLE_ID,ROLE_NAME,STATUS,ROLE_DESCRIPTION,CREATED_BY,CREATED_DATE,UPDATED_BY,UPDATED_DATE,ROLE_TYPE) VALUES (2,'MerchantAdmin',0,'Admin','5',CURRENT_TIMESTAMP,null,null,'Merchant');
	INSERT INTO "PG_USER_ROLES" (ROLE_ID,ROLE_NAME,STATUS,ROLE_DESCRIPTION,CREATED_BY,CREATED_DATE,UPDATED_BY,UPDATED_DATE,ROLE_TYPE) VALUES (3,'Tms',0,'Admin','5',CURRENT_TIMESTAMP,null,null,'Tms');
	INSERT INTO "PG_USER_ROLES" (ROLE_ID,ROLE_NAME,STATUS,ROLE_DESCRIPTION,CREATED_BY,CREATED_DATE,UPDATED_BY,UPDATED_DATE,ROLE_TYPE) VALUES (4,'Reseller',0,'Admin','5',CURRENT_TIMESTAMP,null,null,'Reseller');
	
	
	 ------------PG_FEATURE TABLE------------------
	CREATE TABLE "PG_FEATURE"
		(
			FEATURE_ID                   number(20)      NOT NULL,               
			NAME                         VARCHAR(50)    NOT NULL,            
			FEATURE_LEVEL                number(2)       NOT NULL,
			ROLE_TYPE                    VARCHAR(50)    DEFAULT NULL,  
			REF_FEATURE_ID               number(20)      DEFAULT NULL,
			CREATED_DATE                 TIMESTAMP       NOT NULL
			
		);
		
		------------PG_FEATURE TABLE SEED DATA------------------
INSERT INTO "PG_FEATURE" (FEATURE_ID,NAME,FEATURE_LEVEL,ROLE_TYPE,REF_FEATURE_ID,CREATED_DATE) VALUES (1,'Dashboard',0,'ADMIN',0,CURRENT_TIMESTAMP);
INSERT INTO "PG_FEATURE" (FEATURE_ID,NAME,FEATURE_LEVEL,ROLE_TYPE,REF_FEATURE_ID,CREATED_DATE) VALUES (2,'SETUP',0,'ADMIN',0,CURRENT_TIMESTAMP);

INSERT INTO "PG_FEATURE" (FEATURE_ID,NAME,FEATURE_LEVEL,ROLE_TYPE,REF_FEATURE_ID,CREATED_DATE) VALUES (3,'Roles',1,'ADMIN',2,CURRENT_TIMESTAMP);
INSERT INTO "PG_FEATURE" (FEATURE_ID,NAME,FEATURE_LEVEL,ROLE_TYPE,REF_FEATURE_ID,CREATED_DATE) VALUES (4,'Create',2,'ADMIN',3,CURRENT_TIMESTAMP);
INSERT INTO "PG_FEATURE" (FEATURE_ID,NAME,FEATURE_LEVEL,ROLE_TYPE,REF_FEATURE_ID,CREATED_DATE) VALUES (6,'Edit',2,'ADMIN',3,CURRENT_TIMESTAMP);
INSERT INTO "PG_FEATURE" (FEATURE_ID,NAME,FEATURE_LEVEL,ROLE_TYPE,REF_FEATURE_ID,CREATED_DATE) VALUES (7,'Delete',2,'ADMIN',3,CURRENT_TIMESTAMP);

INSERT INTO "PG_FEATURE" (FEATURE_ID,NAME,FEATURE_LEVEL,ROLE_TYPE,REF_FEATURE_ID,CREATED_DATE) VALUES (8,'Users',1,'ADMIN',2,CURRENT_TIMESTAMP);
INSERT INTO "PG_FEATURE" (FEATURE_ID,NAME,FEATURE_LEVEL,ROLE_TYPE,REF_FEATURE_ID,CREATED_DATE) VALUES (9,'Create',2,'ADMIN',8,CURRENT_TIMESTAMP);
INSERT INTO "PG_FEATURE" (FEATURE_ID,NAME,FEATURE_LEVEL,ROLE_TYPE,REF_FEATURE_ID,CREATED_DATE) VALUES (11,'Edit',2,'ADMIN',8,CURRENT_TIMESTAMP);
INSERT INTO "PG_FEATURE" (FEATURE_ID,NAME,FEATURE_LEVEL,ROLE_TYPE,REF_FEATURE_ID,CREATED_DATE) VALUES (12,'Delete',2,'ADMIN',8,CURRENT_TIMESTAMP);

INSERT INTO "PG_FEATURE" (FEATURE_ID,NAME,FEATURE_LEVEL,ROLE_TYPE,REF_FEATURE_ID,CREATED_DATE) VALUES (13,'Switch',1,'ADMIN',2,CURRENT_TIMESTAMP);
INSERT INTO "PG_FEATURE" (FEATURE_ID,NAME,FEATURE_LEVEL,ROLE_TYPE,REF_FEATURE_ID,CREATED_DATE) VALUES (14,'Create',2,'ADMIN',13,CURRENT_TIMESTAMP);
INSERT INTO "PG_FEATURE" (FEATURE_ID,NAME,FEATURE_LEVEL,ROLE_TYPE,REF_FEATURE_ID,CREATED_DATE) VALUES (15,'View',2,'ADMIN',13,CURRENT_TIMESTAMP);
INSERT INTO "PG_FEATURE" (FEATURE_ID,NAME,FEATURE_LEVEL,ROLE_TYPE,REF_FEATURE_ID,CREATED_DATE) VALUES (16,'Edit',2,'ADMIN',13,CURRENT_TIMESTAMP);

INSERT INTO "PG_FEATURE" (FEATURE_ID,NAME,FEATURE_LEVEL,ROLE_TYPE,REF_FEATURE_ID,CREATED_DATE) VALUES (17,'ONUS Bin',1,'ADMIN',2,CURRENT_TIMESTAMP);
INSERT INTO "PG_FEATURE" (FEATURE_ID,NAME,FEATURE_LEVEL,ROLE_TYPE,REF_FEATURE_ID,CREATED_DATE) VALUES (18,'Create',2,'ADMIN',17,CURRENT_TIMESTAMP);
INSERT INTO "PG_FEATURE" (FEATURE_ID,NAME,FEATURE_LEVEL,ROLE_TYPE,REF_FEATURE_ID,CREATED_DATE) VALUES (19,'Edit',2,'ADMIN',17,CURRENT_TIMESTAMP);
INSERT INTO "PG_FEATURE" (FEATURE_ID,NAME,FEATURE_LEVEL,ROLE_TYPE,REF_FEATURE_ID,CREATED_DATE) VALUES (20,'Delete',2,'ADMIN',17,CURRENT_TIMESTAMP);

INSERT INTO "PG_FEATURE" (FEATURE_ID,NAME,FEATURE_LEVEL,ROLE_TYPE,REF_FEATURE_ID,CREATED_DATE) VALUES (21,'Black Listed Card',1,'ADMIN',2,CURRENT_TIMESTAMP);
INSERT INTO "PG_FEATURE" (FEATURE_ID,NAME,FEATURE_LEVEL,ROLE_TYPE,REF_FEATURE_ID,CREATED_DATE) VALUES (22,'Create',2,'ADMIN',21,CURRENT_TIMESTAMP);
INSERT INTO "PG_FEATURE" (FEATURE_ID,NAME,FEATURE_LEVEL,ROLE_TYPE,REF_FEATURE_ID,CREATED_DATE) VALUES (23,'Edit',2,'ADMIN',21,CURRENT_TIMESTAMP);

INSERT INTO "PG_FEATURE" (FEATURE_ID,NAME,FEATURE_LEVEL,ROLE_TYPE,REF_FEATURE_ID,CREATED_DATE) VALUES (24,'Payment Scheme',1,'ADMIN',2,CURRENT_TIMESTAMP);
INSERT INTO "PG_FEATURE" (FEATURE_ID,NAME,FEATURE_LEVEL,ROLE_TYPE,REF_FEATURE_ID,CREATED_DATE) VALUES (25,'Create',2,'ADMIN',24,CURRENT_TIMESTAMP);
INSERT INTO "PG_FEATURE" (FEATURE_ID,NAME,FEATURE_LEVEL,ROLE_TYPE,REF_FEATURE_ID,CREATED_DATE) VALUES (26,'Edit',2,'ADMIN',24,CURRENT_TIMESTAMP);

INSERT INTO "PG_FEATURE" (FEATURE_ID,NAME,FEATURE_LEVEL,ROLE_TYPE,REF_FEATURE_ID,CREATED_DATE) VALUES (27,'Merchant Category Code',1,'ADMIN',2,CURRENT_TIMESTAMP);
INSERT INTO "PG_FEATURE" (FEATURE_ID,NAME,FEATURE_LEVEL,ROLE_TYPE,REF_FEATURE_ID,CREATED_DATE) VALUES (28,'Create',2,'ADMIN',27,CURRENT_TIMESTAMP);
INSERT INTO "PG_FEATURE" (FEATURE_ID,NAME,FEATURE_LEVEL,ROLE_TYPE,REF_FEATURE_ID,CREATED_DATE) VALUES (29,'View',2,'ADMIN',27,CURRENT_TIMESTAMP);
INSERT INTO "PG_FEATURE" (FEATURE_ID,NAME,FEATURE_LEVEL,ROLE_TYPE,REF_FEATURE_ID,CREATED_DATE) VALUES (30,'Edit',2,'ADMIN',27,CURRENT_TIMESTAMP);

INSERT INTO "PG_FEATURE" (FEATURE_ID,NAME,FEATURE_LEVEL,ROLE_TYPE,REF_FEATURE_ID,CREATED_DATE) VALUES (31,'CA Public Keys',1,'ADMIN',2,CURRENT_TIMESTAMP);
INSERT INTO "PG_FEATURE" (FEATURE_ID,NAME,FEATURE_LEVEL,ROLE_TYPE,REF_FEATURE_ID,CREATED_DATE) VALUES (32,'Create',2,'ADMIN',31,CURRENT_TIMESTAMP);
INSERT INTO "PG_FEATURE" (FEATURE_ID,NAME,FEATURE_LEVEL,ROLE_TYPE,REF_FEATURE_ID,CREATED_DATE) VALUES (33,'Edit',2,'ADMIN',31,CURRENT_TIMESTAMP);

INSERT INTO "PG_FEATURE" (FEATURE_ID,NAME,FEATURE_LEVEL,ROLE_TYPE,REF_FEATURE_ID,CREATED_DATE) VALUES (34,'Dynamic MDR',1,'ADMIN',2,CURRENT_TIMESTAMP);
INSERT INTO "PG_FEATURE" (FEATURE_ID,NAME,FEATURE_LEVEL,ROLE_TYPE,REF_FEATURE_ID,CREATED_DATE) VALUES (35,'Create',2,'ADMIN',34,CURRENT_TIMESTAMP);
INSERT INTO "PG_FEATURE" (FEATURE_ID,NAME,FEATURE_LEVEL,ROLE_TYPE,REF_FEATURE_ID,CREATED_DATE) VALUES (36,'Edit',2,'ADMIN',34,CURRENT_TIMESTAMP);

INSERT INTO "PG_FEATURE" (FEATURE_ID,NAME,FEATURE_LEVEL,ROLE_TYPE,REF_FEATURE_ID,CREATED_DATE) VALUES (37,'Programs',0,'ADMIN',0,CURRENT_TIMESTAMP);

INSERT INTO "PG_FEATURE" (FEATURE_ID,NAME,FEATURE_LEVEL,ROLE_TYPE,REF_FEATURE_ID,CREATED_DATE) VALUES (38,'Fee Programs',1,'ADMIN',37,CURRENT_TIMESTAMP);
INSERT INTO "PG_FEATURE" (FEATURE_ID,NAME,FEATURE_LEVEL,ROLE_TYPE,REF_FEATURE_ID,CREATED_DATE) VALUES (39,'Create',2,'ADMIN',38,CURRENT_TIMESTAMP);
INSERT INTO "PG_FEATURE" (FEATURE_ID,NAME,FEATURE_LEVEL,ROLE_TYPE,REF_FEATURE_ID,CREATED_DATE) VALUES (40,'Edit',2,'ADMIN',38,CURRENT_TIMESTAMP);

INSERT INTO "PG_FEATURE" (FEATURE_ID,NAME,FEATURE_LEVEL,ROLE_TYPE,REF_FEATURE_ID,CREATED_DATE) VALUES (41,'Commission Programs',1,'ADMIN',37,CURRENT_TIMESTAMP);
INSERT INTO "PG_FEATURE" (FEATURE_ID,NAME,FEATURE_LEVEL,ROLE_TYPE,REF_FEATURE_ID,CREATED_DATE) VALUES (42,'Create',2,'ADMIN',41,CURRENT_TIMESTAMP);
INSERT INTO "PG_FEATURE" (FEATURE_ID,NAME,FEATURE_LEVEL,ROLE_TYPE,REF_FEATURE_ID,CREATED_DATE) VALUES (43,'Edit',2,'ADMIN',41,CURRENT_TIMESTAMP);

INSERT INTO "PG_FEATURE" (FEATURE_ID,NAME,FEATURE_LEVEL,ROLE_TYPE,REF_FEATURE_ID,CREATED_DATE) VALUES (44,'Manage',0,'ADMIN',0,CURRENT_TIMESTAMP);

INSERT INTO "PG_FEATURE" (FEATURE_ID,NAME,FEATURE_LEVEL,ROLE_TYPE,REF_FEATURE_ID,CREATED_DATE) VALUES (45,'Merchant',1,'ADMIN',44,CURRENT_TIMESTAMP);
INSERT INTO "PG_FEATURE" (FEATURE_ID,NAME,FEATURE_LEVEL,ROLE_TYPE,REF_FEATURE_ID,CREATED_DATE) VALUES (46,'Create',2,'ADMIN',45,CURRENT_TIMESTAMP);
INSERT INTO "PG_FEATURE" (FEATURE_ID,NAME,FEATURE_LEVEL,ROLE_TYPE,REF_FEATURE_ID,CREATED_DATE) VALUES (47,'View',2,'ADMIN',45,CURRENT_TIMESTAMP);
INSERT INTO "PG_FEATURE" (FEATURE_ID,NAME,FEATURE_LEVEL,ROLE_TYPE,REF_FEATURE_ID,CREATED_DATE) VALUES (48,'Edit',2,'ADMIN',45,CURRENT_TIMESTAMP);
INSERT INTO "PG_FEATURE" (FEATURE_ID,NAME,FEATURE_LEVEL,ROLE_TYPE,REF_FEATURE_ID,CREATED_DATE) VALUES (49,'Delete',2,'ADMIN',45,CURRENT_TIMESTAMP);

INSERT INTO "PG_FEATURE" (FEATURE_ID,NAME,FEATURE_LEVEL,ROLE_TYPE,REF_FEATURE_ID,CREATED_DATE) VALUES (50,'Merchant Account',1,'ADMIN',44,CURRENT_TIMESTAMP);
INSERT INTO "PG_FEATURE" (FEATURE_ID,NAME,FEATURE_LEVEL,ROLE_TYPE,REF_FEATURE_ID,CREATED_DATE) VALUES (51,'Create',2,'ADMIN',50,CURRENT_TIMESTAMP);
INSERT INTO "PG_FEATURE" (FEATURE_ID,NAME,FEATURE_LEVEL,ROLE_TYPE,REF_FEATURE_ID,CREATED_DATE) VALUES (52,'Edit',2,'ADMIN',50,CURRENT_TIMESTAMP);
INSERT INTO "PG_FEATURE" (FEATURE_ID,NAME,FEATURE_LEVEL,ROLE_TYPE,REF_FEATURE_ID,CREATED_DATE) VALUES (53,'Suspend',2,'ADMIN',50,CURRENT_TIMESTAMP);
INSERT INTO "PG_FEATURE" (FEATURE_ID,NAME,FEATURE_LEVEL,ROLE_TYPE,REF_FEATURE_ID,CREATED_DATE) VALUES (54,'Activate',2,'ADMIN',50,CURRENT_TIMESTAMP);

INSERT INTO "PG_FEATURE" (FEATURE_ID,NAME,FEATURE_LEVEL,ROLE_TYPE,REF_FEATURE_ID,CREATED_DATE) VALUES (55,'SubMerchant',1,'ADMIN',44,CURRENT_TIMESTAMP);
INSERT INTO "PG_FEATURE" (FEATURE_ID,NAME,FEATURE_LEVEL,ROLE_TYPE,REF_FEATURE_ID,CREATED_DATE) VALUES (56,'Create',2,'ADMIN',55,CURRENT_TIMESTAMP);
INSERT INTO "PG_FEATURE" (FEATURE_ID,NAME,FEATURE_LEVEL,ROLE_TYPE,REF_FEATURE_ID,CREATED_DATE) VALUES (57,'View',2,'ADMIN',55,CURRENT_TIMESTAMP);
INSERT INTO "PG_FEATURE" (FEATURE_ID,NAME,FEATURE_LEVEL,ROLE_TYPE,REF_FEATURE_ID,CREATED_DATE) VALUES (58,'Edit',2,'ADMIN',55,CURRENT_TIMESTAMP);
INSERT INTO "PG_FEATURE" (FEATURE_ID,NAME,FEATURE_LEVEL,ROLE_TYPE,REF_FEATURE_ID,CREATED_DATE) VALUES (59,'Delete',2,'ADMIN',55,CURRENT_TIMESTAMP);

INSERT INTO "PG_FEATURE" (FEATURE_ID,NAME,FEATURE_LEVEL,ROLE_TYPE,REF_FEATURE_ID,CREATED_DATE) VALUES (60,'SubMerchant Account',1,'ADMIN',44,CURRENT_TIMESTAMP);
INSERT INTO "PG_FEATURE" (FEATURE_ID,NAME,FEATURE_LEVEL,ROLE_TYPE,REF_FEATURE_ID,CREATED_DATE) VALUES (61,'Create',2,'ADMIN',60,CURRENT_TIMESTAMP);
INSERT INTO "PG_FEATURE" (FEATURE_ID,NAME,FEATURE_LEVEL,ROLE_TYPE,REF_FEATURE_ID,CREATED_DATE) VALUES (62,'Edit',2,'ADMIN',60,CURRENT_TIMESTAMP);
INSERT INTO "PG_FEATURE" (FEATURE_ID,NAME,FEATURE_LEVEL,ROLE_TYPE,REF_FEATURE_ID,CREATED_DATE) VALUES (63,'Suspend',2,'ADMIN',60,CURRENT_TIMESTAMP);
INSERT INTO "PG_FEATURE" (FEATURE_ID,NAME,FEATURE_LEVEL,ROLE_TYPE,REF_FEATURE_ID,CREATED_DATE) VALUES (64,'Activate',2,'ADMIN',60,CURRENT_TIMESTAMP);

INSERT INTO "PG_FEATURE" (FEATURE_ID,NAME,FEATURE_LEVEL,ROLE_TYPE,REF_FEATURE_ID,CREATED_DATE) VALUES (65,'Bank',1,'ADMIN',44,CURRENT_TIMESTAMP);
INSERT INTO "PG_FEATURE" (FEATURE_ID,NAME,FEATURE_LEVEL,ROLE_TYPE,REF_FEATURE_ID,CREATED_DATE) VALUES (66,'Create',2,'ADMIN',65,CURRENT_TIMESTAMP);
INSERT INTO "PG_FEATURE" (FEATURE_ID,NAME,FEATURE_LEVEL,ROLE_TYPE,REF_FEATURE_ID,CREATED_DATE) VALUES (67,'View',2,'ADMIN',65,CURRENT_TIMESTAMP);
INSERT INTO "PG_FEATURE" (FEATURE_ID,NAME,FEATURE_LEVEL,ROLE_TYPE,REF_FEATURE_ID,CREATED_DATE) VALUES (68,'Edit',2,'ADMIN',65,CURRENT_TIMESTAMP);
INSERT INTO "PG_FEATURE" (FEATURE_ID,NAME,FEATURE_LEVEL,ROLE_TYPE,REF_FEATURE_ID,CREATED_DATE) VALUES (69,'Delete',2,'ADMIN',65,CURRENT_TIMESTAMP);

INSERT INTO "PG_FEATURE" (FEATURE_ID,NAME,FEATURE_LEVEL,ROLE_TYPE,REF_FEATURE_ID,CREATED_DATE) VALUES (70,'Reseller',1,'ADMIN',44,CURRENT_TIMESTAMP);
INSERT INTO "PG_FEATURE" (FEATURE_ID,NAME,FEATURE_LEVEL,ROLE_TYPE,REF_FEATURE_ID,CREATED_DATE) VALUES (71,'Create',2,'ADMIN',70,CURRENT_TIMESTAMP);
INSERT INTO "PG_FEATURE" (FEATURE_ID,NAME,FEATURE_LEVEL,ROLE_TYPE,REF_FEATURE_ID,CREATED_DATE) VALUES (72,'View',2,'ADMIN',70,CURRENT_TIMESTAMP);
INSERT INTO "PG_FEATURE" (FEATURE_ID,NAME,FEATURE_LEVEL,ROLE_TYPE,REF_FEATURE_ID,CREATED_DATE) VALUES (73,'Edit',2,'ADMIN',70,CURRENT_TIMESTAMP);
INSERT INTO "PG_FEATURE" (FEATURE_ID,NAME,FEATURE_LEVEL,ROLE_TYPE,REF_FEATURE_ID,CREATED_DATE) VALUES (74,'Delete',2,'ADMIN',70,CURRENT_TIMESTAMP);

INSERT INTO "PG_FEATURE" (FEATURE_ID,NAME,FEATURE_LEVEL,ROLE_TYPE,REF_FEATURE_ID,CREATED_DATE) VALUES (75,'Adjustment',0,'ADMIN',0,CURRENT_TIMESTAMP);

INSERT INTO "PG_FEATURE" (FEATURE_ID,NAME,FEATURE_LEVEL,ROLE_TYPE,REF_FEATURE_ID,CREATED_DATE) VALUES (76,'Reports',0,'ADMIN',0,CURRENT_TIMESTAMP);

INSERT INTO "PG_FEATURE" (FEATURE_ID,NAME,FEATURE_LEVEL,ROLE_TYPE,REF_FEATURE_ID,CREATED_DATE) VALUES (77,'VIRTUAL TERMINAL',0,'ADMIN',0,CURRENT_TIMESTAMP);
INSERT INTO "PG_FEATURE" (FEATURE_ID,NAME,FEATURE_LEVEL,ROLE_TYPE,REF_FEATURE_ID,CREATED_DATE) VALUES (78,'Sale',2,'ADMIN',77,CURRENT_TIMESTAMP);
INSERT INTO "PG_FEATURE" (FEATURE_ID,NAME,FEATURE_LEVEL,ROLE_TYPE,REF_FEATURE_ID,CREATED_DATE) VALUES (79,'Refund',2,'ADMIN',77,CURRENT_TIMESTAMP);
INSERT INTO "PG_FEATURE" (FEATURE_ID,NAME,FEATURE_LEVEL,ROLE_TYPE,REF_FEATURE_ID,CREATED_DATE) VALUES (80,'Void',2,'ADMIN',77,CURRENT_TIMESTAMP);

INSERT INTO "PG_FEATURE" (FEATURE_ID,NAME,FEATURE_LEVEL,ROLE_TYPE,REF_FEATURE_ID,CREATED_DATE) VALUES (81,'MENU',0,'ADMIN',0,CURRENT_TIMESTAMP);
INSERT INTO "PG_FEATURE" (FEATURE_ID,NAME,FEATURE_LEVEL,ROLE_TYPE,REF_FEATURE_ID,CREATED_DATE) VALUES (82,'Change Password',1,'ADMIN',81,CURRENT_TIMESTAMP);
INSERT INTO "PG_FEATURE" (FEATURE_ID,NAME,FEATURE_LEVEL,ROLE_TYPE,REF_FEATURE_ID,CREATED_DATE) VALUES (83,'My Profile',1,'ADMIN',81,CURRENT_TIMESTAMP);



------------PG_FEATURE TABLE MERCHANT DATA------------------

INSERT INTO "PG_FEATURE" (FEATURE_ID,NAME,FEATURE_LEVEL,ROLE_TYPE,REF_FEATURE_ID,CREATED_DATE) VALUES (84,'Dashboard',0,'Merchant',0,CURRENT_TIMESTAMP);

INSERT INTO "PG_FEATURE" (FEATURE_ID,NAME,FEATURE_LEVEL,ROLE_TYPE,REF_FEATURE_ID,CREATED_DATE) VALUES (85,'SubMerchant',0,'Merchant',0,CURRENT_TIMESTAMP);
INSERT INTO "PG_FEATURE" (FEATURE_ID,NAME,FEATURE_LEVEL,ROLE_TYPE,REF_FEATURE_ID,CREATED_DATE) VALUES (86,'Create',2,'Merchant',85,CURRENT_TIMESTAMP);
INSERT INTO "PG_FEATURE" (FEATURE_ID,NAME,FEATURE_LEVEL,ROLE_TYPE,REF_FEATURE_ID,CREATED_DATE) VALUES (87,'View',2,'Merchant',85,CURRENT_TIMESTAMP);
INSERT INTO "PG_FEATURE" (FEATURE_ID,NAME,FEATURE_LEVEL,ROLE_TYPE,REF_FEATURE_ID,CREATED_DATE) VALUES (88,'Edit',2,'Merchant',85,CURRENT_TIMESTAMP);
INSERT INTO "PG_FEATURE" (FEATURE_ID,NAME,FEATURE_LEVEL,ROLE_TYPE,REF_FEATURE_ID,CREATED_DATE) VALUES (89,'Delete',2,'Merchant',85,CURRENT_TIMESTAMP);


INSERT INTO "PG_FEATURE" (FEATURE_ID,NAME,FEATURE_LEVEL,ROLE_TYPE,REF_FEATURE_ID,CREATED_DATE) VALUES (90,'VIRTUAL TERMINAL',0,'Merchant',0,CURRENT_TIMESTAMP);

INSERT INTO "PG_FEATURE" (FEATURE_ID,NAME,FEATURE_LEVEL,ROLE_TYPE,REF_FEATURE_ID,CREATED_DATE) VALUES (91,'Fraud',0,'Merchant',0,CURRENT_TIMESTAMP);
INSERT INTO "PG_FEATURE" (FEATURE_ID,NAME,FEATURE_LEVEL,ROLE_TYPE,REF_FEATURE_ID,CREATED_DATE) VALUES (92,'Basic',1,'Merchant',91,CURRENT_TIMESTAMP);
INSERT INTO "PG_FEATURE" (FEATURE_ID,NAME,FEATURE_LEVEL,ROLE_TYPE,REF_FEATURE_ID,CREATED_DATE) VALUES (93,'Advanced',1,'Merchant',91,CURRENT_TIMESTAMP);

INSERT INTO "PG_FEATURE" (FEATURE_ID,NAME,FEATURE_LEVEL,ROLE_TYPE,REF_FEATURE_ID,CREATED_DATE) VALUES (94,'Recurring',0,'Merchant',2,CURRENT_TIMESTAMP);
INSERT INTO "PG_FEATURE" (FEATURE_ID,NAME,FEATURE_LEVEL,ROLE_TYPE,REF_FEATURE_ID,CREATED_DATE) VALUES (95,'Create',2,'Merchant',94,CURRENT_TIMESTAMP);
INSERT INTO "PG_FEATURE" (FEATURE_ID,NAME,FEATURE_LEVEL,ROLE_TYPE,REF_FEATURE_ID,CREATED_DATE) VALUES (96,'Edit',2,'Merchant',94,CURRENT_TIMESTAMP);
INSERT INTO "PG_FEATURE" (FEATURE_ID,NAME,FEATURE_LEVEL,ROLE_TYPE,REF_FEATURE_ID,CREATED_DATE) VALUES (97,'Delete',2,'Merchant',94,CURRENT_TIMESTAMP);

INSERT INTO "PG_FEATURE" (FEATURE_ID,NAME,FEATURE_LEVEL,ROLE_TYPE,REF_FEATURE_ID,CREATED_DATE) VALUES (98,'Transaction',0,'Merchant',0,CURRENT_TIMESTAMP);

INSERT INTO "PG_FEATURE" (FEATURE_ID,NAME,FEATURE_LEVEL,ROLE_TYPE,REF_FEATURE_ID,CREATED_DATE) VALUES (99,'Tranfers',0,'Merchant',0,CURRENT_TIMESTAMP);
INSERT INTO "PG_FEATURE" (FEATURE_ID,NAME,FEATURE_LEVEL,ROLE_TYPE,REF_FEATURE_ID,CREATED_DATE) VALUES (100,'Send Funds to Bank Account',1,'Merchant',99,CURRENT_TIMESTAMP);
INSERT INTO "PG_FEATURE" (FEATURE_ID,NAME,FEATURE_LEVEL,ROLE_TYPE,REF_FEATURE_ID,CREATED_DATE) VALUES (101,'Send Funds by Check',1,'Merchant',99,CURRENT_TIMESTAMP);

INSERT INTO "PG_FEATURE" (FEATURE_ID,NAME,FEATURE_LEVEL,ROLE_TYPE,REF_FEATURE_ID,CREATED_DATE) VALUES (102,'Reports',0,'Merchant',0,CURRENT_TIMESTAMP);
INSERT INTO "PG_FEATURE" (FEATURE_ID,NAME,FEATURE_LEVEL,ROLE_TYPE,REF_FEATURE_ID,CREATED_DATE) VALUES (103,'EFT Transfers',1,'Merchant',102,CURRENT_TIMESTAMP);
INSERT INTO "PG_FEATURE" (FEATURE_ID,NAME,FEATURE_LEVEL,ROLE_TYPE,REF_FEATURE_ID,CREATED_DATE) VALUES (104,'Merchant Transaction Revenue',1,'Merchant',102,CURRENT_TIMESTAMP);

INSERT INTO "PG_FEATURE" (FEATURE_ID,NAME,FEATURE_LEVEL,ROLE_TYPE,REF_FEATURE_ID,CREATED_DATE) VALUES (105,'Adjustment',0,'Merchant',0,CURRENT_TIMESTAMP);

INSERT INTO "PG_FEATURE" (FEATURE_ID,NAME,FEATURE_LEVEL,ROLE_TYPE,REF_FEATURE_ID,CREATED_DATE) VALUES (106,'Account Transfer',1,'Merchant',105,CURRENT_TIMESTAMP);


------------PG_FEATURE TABLE RESELLER DATA------------------


INSERT INTO "PG_FEATURE" (FEATURE_ID,NAME,FEATURE_LEVEL,ROLE_TYPE,REF_FEATURE_ID,CREATED_DATE) VALUES (107,'Dashboard',0,'RESELLER',0,CURRENT_TIMESTAMP);

INSERT INTO "PG_FEATURE" (FEATURE_ID,NAME,FEATURE_LEVEL,ROLE_TYPE,REF_FEATURE_ID,CREATED_DATE) VALUES (108,'Manage',0,'RESELLER',0,CURRENT_TIMESTAMP);

INSERT INTO "PG_FEATURE" (FEATURE_ID,NAME,FEATURE_LEVEL,ROLE_TYPE,REF_FEATURE_ID,CREATED_DATE) VALUES (109,'Merchant',1,'RESELLER',108,CURRENT_TIMESTAMP);
INSERT INTO "PG_FEATURE" (FEATURE_ID,NAME,FEATURE_LEVEL,ROLE_TYPE,REF_FEATURE_ID,CREATED_DATE) VALUES (110,'View',2,'RESELLER',109,CURRENT_TIMESTAMP);

INSERT INTO "PG_FEATURE" (FEATURE_ID,NAME,FEATURE_LEVEL,ROLE_TYPE,REF_FEATURE_ID,CREATED_DATE) VALUES (111,'SubMerchant',1,'RESELLER',108,CURRENT_TIMESTAMP);
INSERT INTO "PG_FEATURE" (FEATURE_ID,NAME,FEATURE_LEVEL,ROLE_TYPE,REF_FEATURE_ID,CREATED_DATE) VALUES (112,'View',2,'RESELLER',111,CURRENT_TIMESTAMP);

INSERT INTO "PG_FEATURE" (FEATURE_ID,NAME,FEATURE_LEVEL,ROLE_TYPE,REF_FEATURE_ID,CREATED_DATE) VALUES (113,'Reports',0,'RESELLER',0,CURRENT_TIMESTAMP);

INSERT INTO "PG_FEATURE" (FEATURE_ID,NAME,FEATURE_LEVEL,ROLE_TYPE,REF_FEATURE_ID,CREATED_DATE) VALUES (114,'Transactions Reports',1,'RESELLER',113,CURRENT_TIMESTAMP);
INSERT INTO "PG_FEATURE" (FEATURE_ID,NAME,FEATURE_LEVEL,ROLE_TYPE,REF_FEATURE_ID,CREATED_DATE) VALUES (115,'Commission Reports',1,'RESELLER',113,CURRENT_TIMESTAMP);

INSERT INTO "PG_FEATURE" (FEATURE_ID,NAME,FEATURE_LEVEL,ROLE_TYPE,REF_FEATURE_ID,CREATED_DATE) VALUES (116,'MENU',0,'RESELLER',0,CURRENT_TIMESTAMP);

INSERT INTO "PG_FEATURE" (FEATURE_ID,NAME,FEATURE_LEVEL,ROLE_TYPE,REF_FEATURE_ID,CREATED_DATE) VALUES (117,'Change Password',1,'RESELLER',116,CURRENT_TIMESTAMP);
INSERT INTO "PG_FEATURE" (FEATURE_ID,NAME,FEATURE_LEVEL,ROLE_TYPE,REF_FEATURE_ID,CREATED_DATE) VALUES (118,'My Profile',1,'RESELLER',116,CURRENT_TIMESTAMP);

------------PG_FEATURE TABLE TMS DATA------------------

INSERT INTO "PG_FEATURE" (FEATURE_ID,NAME,FEATURE_LEVEL,ROLE_TYPE,REF_FEATURE_ID,CREATED_DATE) VALUES (119,'Home',0,'TMS',0,CURRENT_TIMESTAMP);

INSERT INTO "PG_FEATURE" (FEATURE_ID,NAME,FEATURE_LEVEL,ROLE_TYPE,REF_FEATURE_ID,CREATED_DATE) VALUES (120,'SETUP',0,'TMS',0,CURRENT_TIMESTAMP);
INSERT INTO "PG_FEATURE" (FEATURE_ID,NAME,FEATURE_LEVEL,ROLE_TYPE,REF_FEATURE_ID,CREATED_DATE) VALUES (121,'Device Configuration',1,'TMS',120,CURRENT_TIMESTAMP);
INSERT INTO "PG_FEATURE" (FEATURE_ID,NAME,FEATURE_LEVEL,ROLE_TYPE,REF_FEATURE_ID,CREATED_DATE) VALUES (122,'Create',2,'TMS',121,CURRENT_TIMESTAMP);
INSERT INTO "PG_FEATURE" (FEATURE_ID,NAME,FEATURE_LEVEL,ROLE_TYPE,REF_FEATURE_ID,CREATED_DATE) VALUES (123,'Edit',2,'TMS',121,CURRENT_TIMESTAMP);

INSERT INTO "PG_FEATURE" (FEATURE_ID,NAME,FEATURE_LEVEL,ROLE_TYPE,REF_FEATURE_ID,CREATED_DATE) VALUES (124,'Asset Management',0,'TMS',0,CURRENT_TIMESTAMP);
INSERT INTO "PG_FEATURE" (FEATURE_ID,NAME,FEATURE_LEVEL,ROLE_TYPE,REF_FEATURE_ID,CREATED_DATE) VALUES (125,'Create',2,'TMS',124,CURRENT_TIMESTAMP);
INSERT INTO "PG_FEATURE" (FEATURE_ID,NAME,FEATURE_LEVEL,ROLE_TYPE,REF_FEATURE_ID,CREATED_DATE) VALUES (126,'Edit',2,'TMS',124,CURRENT_TIMESTAMP);
INSERT INTO "PG_FEATURE" (FEATURE_ID,NAME,FEATURE_LEVEL,ROLE_TYPE,REF_FEATURE_ID,CREATED_DATE) VALUES (127,'Delete',2,'TMS',124,CURRENT_TIMESTAMP);

INSERT INTO "PG_FEATURE" (FEATURE_ID,NAME,FEATURE_LEVEL,ROLE_TYPE,REF_FEATURE_ID,CREATED_DATE) VALUES (128,'Parameters',0,'TMS',0,CURRENT_TIMESTAMP);

INSERT INTO "PG_FEATURE" (FEATURE_ID,NAME,FEATURE_LEVEL,ROLE_TYPE,REF_FEATURE_ID,CREATED_DATE) VALUES (129,'Profile',1,'TMS',128,CURRENT_TIMESTAMP);
INSERT INTO "PG_FEATURE" (FEATURE_ID,NAME,FEATURE_LEVEL,ROLE_TYPE,REF_FEATURE_ID,CREATED_DATE) VALUES (130,'Create',2,'TMS',129,CURRENT_TIMESTAMP);
INSERT INTO "PG_FEATURE" (FEATURE_ID,NAME,FEATURE_LEVEL,ROLE_TYPE,REF_FEATURE_ID,CREATED_DATE) VALUES (131,'Edit',2,'TMS',129,CURRENT_TIMESTAMP);

INSERT INTO "PG_FEATURE" (FEATURE_ID,NAME,FEATURE_LEVEL,ROLE_TYPE,REF_FEATURE_ID,CREATED_DATE) VALUES (132,'Magstripe',1,'TMS',128,CURRENT_TIMESTAMP);
INSERT INTO "PG_FEATURE" (FEATURE_ID,NAME,FEATURE_LEVEL,ROLE_TYPE,REF_FEATURE_ID,CREATED_DATE) VALUES (133,'Create',2,'TMS',132,CURRENT_TIMESTAMP);
INSERT INTO "PG_FEATURE" (FEATURE_ID,NAME,FEATURE_LEVEL,ROLE_TYPE,REF_FEATURE_ID,CREATED_DATE) VALUES (134,'Edit',2,'TMS',132,CURRENT_TIMESTAMP);

INSERT INTO "PG_FEATURE" (FEATURE_ID,NAME,FEATURE_LEVEL,ROLE_TYPE,REF_FEATURE_ID,CREATED_DATE) VALUES (135,'Terminal Device Management',0,'TMS',0,CURRENT_TIMESTAMP);
INSERT INTO "PG_FEATURE" (FEATURE_ID,NAME,FEATURE_LEVEL,ROLE_TYPE,REF_FEATURE_ID,CREATED_DATE) VALUES (136,'Create',2,'TMS',135,CURRENT_TIMESTAMP);
INSERT INTO "PG_FEATURE" (FEATURE_ID,NAME,FEATURE_LEVEL,ROLE_TYPE,REF_FEATURE_ID,CREATED_DATE) VALUES (137,'Edit',2,'TMS',135,CURRENT_TIMESTAMP);


INSERT INTO "PG_FEATURE" (FEATURE_ID,NAME,FEATURE_LEVEL,ROLE_TYPE,REF_FEATURE_ID,CREATED_DATE) VALUES (138,'DCC MarkUp',1,'ADMIN',44,CURRENT_TIMESTAMP);
INSERT INTO "PG_FEATURE" (FEATURE_ID,NAME,FEATURE_LEVEL,ROLE_TYPE,REF_FEATURE_ID,CREATED_DATE) VALUES (139,'Create',2,'ADMIN',138,CURRENT_TIMESTAMP);
INSERT INTO "PG_FEATURE" (FEATURE_ID,NAME,FEATURE_LEVEL,ROLE_TYPE,REF_FEATURE_ID,CREATED_DATE) VALUES (140,'Edit',2,'ADMIN',138,CURRENT_TIMESTAMP);
INSERT INTO "PG_FEATURE" (FEATURE_ID,NAME,FEATURE_LEVEL,ROLE_TYPE,REF_FEATURE_ID,CREATED_DATE) VALUES (141,'Delete',2,'ADMIN',138,CURRENT_TIMESTAMP);


INSERT INTO "PG_FEATURE" (FEATURE_ID,NAME,FEATURE_LEVEL,ROLE_TYPE,REF_FEATURE_ID,CREATED_DATE) VALUES (142,'Exchange Rate',1,'ADMIN',44,CURRENT_TIMESTAMP);
INSERT INTO "PG_FEATURE" (FEATURE_ID,NAME,FEATURE_LEVEL,ROLE_TYPE,REF_FEATURE_ID,CREATED_DATE) VALUES (143,'Create',2,'ADMIN',142,CURRENT_TIMESTAMP);
INSERT INTO "PG_FEATURE" (FEATURE_ID,NAME,FEATURE_LEVEL,ROLE_TYPE,REF_FEATURE_ID,CREATED_DATE) VALUES (144,'Edit',2,'ADMIN',142,CURRENT_TIMESTAMP);
INSERT INTO "PG_FEATURE" (FEATURE_ID,NAME,FEATURE_LEVEL,ROLE_TYPE,REF_FEATURE_ID,CREATED_DATE) VALUES (145,'Delete',2,'ADMIN',142,CURRENT_TIMESTAMP);


------------PG_ROLE_FEATURE_MAPPING_NEW TABLE------------------
CREATE TABLE "PG_ROLE_FEATURE_MAPPING_NEW" 
   (	"ID" NUMBER(20,0) NOT NULL ENABLE, 
	"USER_ROLE_ID" NUMBER(20,0) NOT NULL ENABLE, 
	"FEATURE_ID" NUMBER(20,0) NOT NULL ENABLE, 
	"CREATED_DATE" TIMESTAMP (6) NOT NULL ENABLE, 
	"CREATED_BY" VARCHAR2(50 BYTE), 
	"UPDATED_DATE" TIMESTAMP (6) NOT NULL ENABLE, 
	"UPDATED_BY" VARCHAR2(50 BYTE)
   );
   
   -----------SEQUENCE FOR PG_ROLE_FEATURE_MAPPING_NEW TABLE------------
CREATE SEQUENCE  "SEQ_PG_ROLE_MAPPING_NEW"  MINVALUE 1 MAXVALUE 99999999999999999999 INCREMENT BY 1 START WITH 146 NOCACHE  NOORDER  NOCYCLE ;
   
   
INSERT INTO "PG_ROLE_FEATURE_MAPPING_NEW"(ID,USER_ROLE_ID,FEATURE_ID,CREATED_DATE,CREATED_BY,UPDATED_DATE,UPDATED_BY) VALUES (1,'1',1,CURRENT_TIMESTAMP,'ADMIN',CURRENT_TIMESTAMP,null);
INSERT INTO "PG_ROLE_FEATURE_MAPPING_NEW"(ID,USER_ROLE_ID,FEATURE_ID,CREATED_DATE,CREATED_BY,UPDATED_DATE,UPDATED_BY) VALUES (2,'1',2,CURRENT_TIMESTAMP,'ADMIN',CURRENT_TIMESTAMP,null);
INSERT INTO "PG_ROLE_FEATURE_MAPPING_NEW" (ID,USER_ROLE_ID,FEATURE_ID,CREATED_DATE,CREATED_BY,UPDATED_DATE,UPDATED_BY) VALUES (3,'1',3,CURRENT_TIMESTAMP,'ADMIN',CURRENT_TIMESTAMP,null);
INSERT INTO "PG_ROLE_FEATURE_MAPPING_NEW" (ID,USER_ROLE_ID,FEATURE_ID,CREATED_DATE,CREATED_BY,UPDATED_DATE,UPDATED_BY) VALUES (4,'1',4,CURRENT_TIMESTAMP,'ADMIN',CURRENT_TIMESTAMP,null);
INSERT INTO "PG_ROLE_FEATURE_MAPPING_NEW" (ID,USER_ROLE_ID,FEATURE_ID,CREATED_DATE,CREATED_BY,UPDATED_DATE,UPDATED_BY) VALUES (5,'1',5,CURRENT_TIMESTAMP,'ADMIN',CURRENT_TIMESTAMP,null);
INSERT INTO "PG_ROLE_FEATURE_MAPPING_NEW" (ID,USER_ROLE_ID,FEATURE_ID,CREATED_DATE,CREATED_BY,UPDATED_DATE,UPDATED_BY) VALUES (6,'1',6,CURRENT_TIMESTAMP,'ADMIN',CURRENT_TIMESTAMP,null);
INSERT INTO "PG_ROLE_FEATURE_MAPPING_NEW" (ID,USER_ROLE_ID,FEATURE_ID,CREATED_DATE,CREATED_BY,UPDATED_DATE,UPDATED_BY) VALUES (7,'1',7,CURRENT_TIMESTAMP,'ADMIN',CURRENT_TIMESTAMP,null);
INSERT INTO "PG_ROLE_FEATURE_MAPPING_NEW" (ID,USER_ROLE_ID,FEATURE_ID,CREATED_DATE,CREATED_BY,UPDATED_DATE,UPDATED_BY) VALUES (8,'1',8,CURRENT_TIMESTAMP,'ADMIN',CURRENT_TIMESTAMP,null);
INSERT INTO "PG_ROLE_FEATURE_MAPPING_NEW" (ID,USER_ROLE_ID,FEATURE_ID,CREATED_DATE,CREATED_BY,UPDATED_DATE,UPDATED_BY) VALUES (9,'1',9,CURRENT_TIMESTAMP,'ADMIN',CURRENT_TIMESTAMP,null);
INSERT INTO "PG_ROLE_FEATURE_MAPPING_NEW" (ID,USER_ROLE_ID,FEATURE_ID,CREATED_DATE,CREATED_BY,UPDATED_DATE,UPDATED_BY) VALUES (10,'1',10,CURRENT_TIMESTAMP,'ADMIN',CURRENT_TIMESTAMP,null);
INSERT INTO "PG_ROLE_FEATURE_MAPPING_NEW" (ID,USER_ROLE_ID,FEATURE_ID,CREATED_DATE,CREATED_BY,UPDATED_DATE,UPDATED_BY) VALUES (11,'1',11,CURRENT_TIMESTAMP,'ADMIN',CURRENT_TIMESTAMP,null);
INSERT INTO "PG_ROLE_FEATURE_MAPPING_NEW" (ID,USER_ROLE_ID,FEATURE_ID,CREATED_DATE,CREATED_BY,UPDATED_DATE,UPDATED_BY) VALUES (12,'1',12,CURRENT_TIMESTAMP,'ADMIN',CURRENT_TIMESTAMP,null);
INSERT INTO "PG_ROLE_FEATURE_MAPPING_NEW" (ID,USER_ROLE_ID,FEATURE_ID,CREATED_DATE,CREATED_BY,UPDATED_DATE,UPDATED_BY) VALUES (13,'1',13,CURRENT_TIMESTAMP,'ADMIN',CURRENT_TIMESTAMP,null);
INSERT INTO "PG_ROLE_FEATURE_MAPPING_NEW" (ID,USER_ROLE_ID,FEATURE_ID,CREATED_DATE,CREATED_BY,UPDATED_DATE,UPDATED_BY) VALUES (14,'1',14,CURRENT_TIMESTAMP,'ADMIN',CURRENT_TIMESTAMP,null);
INSERT INTO "PG_ROLE_FEATURE_MAPPING_NEW" (ID,USER_ROLE_ID,FEATURE_ID,CREATED_DATE,CREATED_BY,UPDATED_DATE,UPDATED_BY) VALUES (15,'1',15,CURRENT_TIMESTAMP,'ADMIN',CURRENT_TIMESTAMP,null);
INSERT INTO "PG_ROLE_FEATURE_MAPPING_NEW" (ID,USER_ROLE_ID,FEATURE_ID,CREATED_DATE,CREATED_BY,UPDATED_DATE,UPDATED_BY) VALUES (16,'1',16,CURRENT_TIMESTAMP,'ADMIN',CURRENT_TIMESTAMP,null);
INSERT INTO "PG_ROLE_FEATURE_MAPPING_NEW" (ID,USER_ROLE_ID,FEATURE_ID,CREATED_DATE,CREATED_BY,UPDATED_DATE,UPDATED_BY) VALUES (17,'1',17,CURRENT_TIMESTAMP,'ADMIN',CURRENT_TIMESTAMP,null);
INSERT INTO "PG_ROLE_FEATURE_MAPPING_NEW" (ID,USER_ROLE_ID,FEATURE_ID,CREATED_DATE,CREATED_BY,UPDATED_DATE,UPDATED_BY) VALUES (18,'1',18,CURRENT_TIMESTAMP,'ADMIN',CURRENT_TIMESTAMP,null);
INSERT INTO "PG_ROLE_FEATURE_MAPPING_NEW" (ID,USER_ROLE_ID,FEATURE_ID,CREATED_DATE,CREATED_BY,UPDATED_DATE,UPDATED_BY) VALUES (19,'1',19,CURRENT_TIMESTAMP,'ADMIN',CURRENT_TIMESTAMP,null);
INSERT INTO "PG_ROLE_FEATURE_MAPPING_NEW" (ID,USER_ROLE_ID,FEATURE_ID,CREATED_DATE,CREATED_BY,UPDATED_DATE,UPDATED_BY) VALUES (20,'1',20,CURRENT_TIMESTAMP,'ADMIN',CURRENT_TIMESTAMP,null);
INSERT INTO "PG_ROLE_FEATURE_MAPPING_NEW" (ID,USER_ROLE_ID,FEATURE_ID,CREATED_DATE,CREATED_BY,UPDATED_DATE,UPDATED_BY) VALUES (21,'1',21,CURRENT_TIMESTAMP,'ADMIN',CURRENT_TIMESTAMP,null);
INSERT INTO "PG_ROLE_FEATURE_MAPPING_NEW" (ID,USER_ROLE_ID,FEATURE_ID,CREATED_DATE,CREATED_BY,UPDATED_DATE,UPDATED_BY) VALUES (22,'1',22,CURRENT_TIMESTAMP,'ADMIN',CURRENT_TIMESTAMP,null);
INSERT INTO "PG_ROLE_FEATURE_MAPPING_NEW" (ID,USER_ROLE_ID,FEATURE_ID,CREATED_DATE,CREATED_BY,UPDATED_DATE,UPDATED_BY) VALUES (23,'1',23,CURRENT_TIMESTAMP,'ADMIN',CURRENT_TIMESTAMP,null);
INSERT INTO "PG_ROLE_FEATURE_MAPPING_NEW" (ID,USER_ROLE_ID,FEATURE_ID,CREATED_DATE,CREATED_BY,UPDATED_DATE,UPDATED_BY) VALUES (24,'1',24,CURRENT_TIMESTAMP,'ADMIN',CURRENT_TIMESTAMP,null);
INSERT INTO "PG_ROLE_FEATURE_MAPPING_NEW" (ID,USER_ROLE_ID,FEATURE_ID,CREATED_DATE,CREATED_BY,UPDATED_DATE,UPDATED_BY) VALUES (25,'1',25,CURRENT_TIMESTAMP,'ADMIN',CURRENT_TIMESTAMP,null);
INSERT INTO "PG_ROLE_FEATURE_MAPPING_NEW" (ID,USER_ROLE_ID,FEATURE_ID,CREATED_DATE,CREATED_BY,UPDATED_DATE,UPDATED_BY) VALUES (26,'1',26,CURRENT_TIMESTAMP,'ADMIN',CURRENT_TIMESTAMP,null);
INSERT INTO "PG_ROLE_FEATURE_MAPPING_NEW" (ID,USER_ROLE_ID,FEATURE_ID,CREATED_DATE,CREATED_BY,UPDATED_DATE,UPDATED_BY) VALUES (27,'1',27,CURRENT_TIMESTAMP,'ADMIN',CURRENT_TIMESTAMP,null);
INSERT INTO "PG_ROLE_FEATURE_MAPPING_NEW" (ID,USER_ROLE_ID,FEATURE_ID,CREATED_DATE,CREATED_BY,UPDATED_DATE,UPDATED_BY) VALUES (28,'1',28,CURRENT_TIMESTAMP,'ADMIN',CURRENT_TIMESTAMP,null);
INSERT INTO "PG_ROLE_FEATURE_MAPPING_NEW" (ID,USER_ROLE_ID,FEATURE_ID,CREATED_DATE,CREATED_BY,UPDATED_DATE,UPDATED_BY) VALUES (29,'1',29,CURRENT_TIMESTAMP,'ADMIN',CURRENT_TIMESTAMP,null);
INSERT INTO "PG_ROLE_FEATURE_MAPPING_NEW" (ID,USER_ROLE_ID,FEATURE_ID,CREATED_DATE,CREATED_BY,UPDATED_DATE,UPDATED_BY) VALUES (30,'1',30,CURRENT_TIMESTAMP,'ADMIN',CURRENT_TIMESTAMP,null);
INSERT INTO "PG_ROLE_FEATURE_MAPPING_NEW" (ID,USER_ROLE_ID,FEATURE_ID,CREATED_DATE,CREATED_BY,UPDATED_DATE,UPDATED_BY) VALUES (31,'1',31,CURRENT_TIMESTAMP,'ADMIN',CURRENT_TIMESTAMP,null);
INSERT INTO "PG_ROLE_FEATURE_MAPPING_NEW" (ID,USER_ROLE_ID,FEATURE_ID,CREATED_DATE,CREATED_BY,UPDATED_DATE,UPDATED_BY) VALUES (32,'1',32,CURRENT_TIMESTAMP,'ADMIN',CURRENT_TIMESTAMP,null);
INSERT INTO "PG_ROLE_FEATURE_MAPPING_NEW" (ID,USER_ROLE_ID,FEATURE_ID,CREATED_DATE,CREATED_BY,UPDATED_DATE,UPDATED_BY) VALUES (33,'1',33,CURRENT_TIMESTAMP,'ADMIN',CURRENT_TIMESTAMP,null);
INSERT INTO "PG_ROLE_FEATURE_MAPPING_NEW" (ID,USER_ROLE_ID,FEATURE_ID,CREATED_DATE,CREATED_BY,UPDATED_DATE,UPDATED_BY) VALUES (34,'1',34,CURRENT_TIMESTAMP,'ADMIN',CURRENT_TIMESTAMP,null);
INSERT INTO "PG_ROLE_FEATURE_MAPPING_NEW" (ID,USER_ROLE_ID,FEATURE_ID,CREATED_DATE,CREATED_BY,UPDATED_DATE,UPDATED_BY) VALUES (35,'1',35,CURRENT_TIMESTAMP,'ADMIN',CURRENT_TIMESTAMP,null);
INSERT INTO "PG_ROLE_FEATURE_MAPPING_NEW" (ID,USER_ROLE_ID,FEATURE_ID,CREATED_DATE,CREATED_BY,UPDATED_DATE,UPDATED_BY) VALUES (36,'1',36,CURRENT_TIMESTAMP,'ADMIN',CURRENT_TIMESTAMP,null);
INSERT INTO "PG_ROLE_FEATURE_MAPPING_NEW" (ID,USER_ROLE_ID,FEATURE_ID,CREATED_DATE,CREATED_BY,UPDATED_DATE,UPDATED_BY) VALUES (37,'1',37,CURRENT_TIMESTAMP,'ADMIN',CURRENT_TIMESTAMP,null);
INSERT INTO "PG_ROLE_FEATURE_MAPPING_NEW" (ID,USER_ROLE_ID,FEATURE_ID,CREATED_DATE,CREATED_BY,UPDATED_DATE,UPDATED_BY) VALUES (38,'1',38,CURRENT_TIMESTAMP,'ADMIN',CURRENT_TIMESTAMP,null);
INSERT INTO "PG_ROLE_FEATURE_MAPPING_NEW" (ID,USER_ROLE_ID,FEATURE_ID,CREATED_DATE,CREATED_BY,UPDATED_DATE,UPDATED_BY) VALUES (39,'1',39,CURRENT_TIMESTAMP,'ADMIN',CURRENT_TIMESTAMP,null);
INSERT INTO "PG_ROLE_FEATURE_MAPPING_NEW" (ID,USER_ROLE_ID,FEATURE_ID,CREATED_DATE,CREATED_BY,UPDATED_DATE,UPDATED_BY) VALUES (40,'1',40,CURRENT_TIMESTAMP,'ADMIN',CURRENT_TIMESTAMP,null);
INSERT INTO "PG_ROLE_FEATURE_MAPPING_NEW" (ID,USER_ROLE_ID,FEATURE_ID,CREATED_DATE,CREATED_BY,UPDATED_DATE,UPDATED_BY) VALUES (41,'1',41,CURRENT_TIMESTAMP,'ADMIN',CURRENT_TIMESTAMP,null);
INSERT INTO "PG_ROLE_FEATURE_MAPPING_NEW" (ID,USER_ROLE_ID,FEATURE_ID,CREATED_DATE,CREATED_BY,UPDATED_DATE,UPDATED_BY) VALUES (42,'1',42,CURRENT_TIMESTAMP,'ADMIN',CURRENT_TIMESTAMP,null);
INSERT INTO "PG_ROLE_FEATURE_MAPPING_NEW" (ID,USER_ROLE_ID,FEATURE_ID,CREATED_DATE,CREATED_BY,UPDATED_DATE,UPDATED_BY) VALUES (43,'1',43,CURRENT_TIMESTAMP,'ADMIN',CURRENT_TIMESTAMP,null);
INSERT INTO "PG_ROLE_FEATURE_MAPPING_NEW" (ID,USER_ROLE_ID,FEATURE_ID,CREATED_DATE,CREATED_BY,UPDATED_DATE,UPDATED_BY) VALUES (44,'1',44,CURRENT_TIMESTAMP,'ADMIN',CURRENT_TIMESTAMP,null);
INSERT INTO "PG_ROLE_FEATURE_MAPPING_NEW" (ID,USER_ROLE_ID,FEATURE_ID,CREATED_DATE,CREATED_BY,UPDATED_DATE,UPDATED_BY) VALUES (45,'1',45,CURRENT_TIMESTAMP,'ADMIN',CURRENT_TIMESTAMP,null);
INSERT INTO "PG_ROLE_FEATURE_MAPPING_NEW" (ID,USER_ROLE_ID,FEATURE_ID,CREATED_DATE,CREATED_BY,UPDATED_DATE,UPDATED_BY) VALUES (46,'1',46,CURRENT_TIMESTAMP,'ADMIN',CURRENT_TIMESTAMP,null);
INSERT INTO "PG_ROLE_FEATURE_MAPPING_NEW" (ID,USER_ROLE_ID,FEATURE_ID,CREATED_DATE,CREATED_BY,UPDATED_DATE,UPDATED_BY) VALUES (47,'1',47,CURRENT_TIMESTAMP,'ADMIN',CURRENT_TIMESTAMP,null);
INSERT INTO "PG_ROLE_FEATURE_MAPPING_NEW" (ID,USER_ROLE_ID,FEATURE_ID,CREATED_DATE,CREATED_BY,UPDATED_DATE,UPDATED_BY) VALUES (48,'1',48,CURRENT_TIMESTAMP,'ADMIN',CURRENT_TIMESTAMP,null);
INSERT INTO "PG_ROLE_FEATURE_MAPPING_NEW" (ID,USER_ROLE_ID,FEATURE_ID,CREATED_DATE,CREATED_BY,UPDATED_DATE,UPDATED_BY) VALUES (49,'1',49,CURRENT_TIMESTAMP,'ADMIN',CURRENT_TIMESTAMP,null);
INSERT INTO "PG_ROLE_FEATURE_MAPPING_NEW" (ID,USER_ROLE_ID,FEATURE_ID,CREATED_DATE,CREATED_BY,UPDATED_DATE,UPDATED_BY) VALUES (50,'1',50,CURRENT_TIMESTAMP,'ADMIN',CURRENT_TIMESTAMP,null);
INSERT INTO "PG_ROLE_FEATURE_MAPPING_NEW" (ID,USER_ROLE_ID,FEATURE_ID,CREATED_DATE,CREATED_BY,UPDATED_DATE,UPDATED_BY) VALUES (51,'1',51,CURRENT_TIMESTAMP,'ADMIN',CURRENT_TIMESTAMP,null);
INSERT INTO "PG_ROLE_FEATURE_MAPPING_NEW" (ID,USER_ROLE_ID,FEATURE_ID,CREATED_DATE,CREATED_BY,UPDATED_DATE,UPDATED_BY) VALUES (52,'1',52,CURRENT_TIMESTAMP,'ADMIN',CURRENT_TIMESTAMP,null);
INSERT INTO "PG_ROLE_FEATURE_MAPPING_NEW" (ID,USER_ROLE_ID,FEATURE_ID,CREATED_DATE,CREATED_BY,UPDATED_DATE,UPDATED_BY) VALUES (53,'1',53,CURRENT_TIMESTAMP,'ADMIN',CURRENT_TIMESTAMP,null);
INSERT INTO "PG_ROLE_FEATURE_MAPPING_NEW" (ID,USER_ROLE_ID,FEATURE_ID,CREATED_DATE,CREATED_BY,UPDATED_DATE,UPDATED_BY) VALUES (54,'1',54,CURRENT_TIMESTAMP,'ADMIN',CURRENT_TIMESTAMP,null);
INSERT INTO "PG_ROLE_FEATURE_MAPPING_NEW" (ID,USER_ROLE_ID,FEATURE_ID,CREATED_DATE,CREATED_BY,UPDATED_DATE,UPDATED_BY) VALUES (55,'1',55,CURRENT_TIMESTAMP,'ADMIN',CURRENT_TIMESTAMP,null);
INSERT INTO "PG_ROLE_FEATURE_MAPPING_NEW" (ID,USER_ROLE_ID,FEATURE_ID,CREATED_DATE,CREATED_BY,UPDATED_DATE,UPDATED_BY) VALUES (56,'1',56,CURRENT_TIMESTAMP,'ADMIN',CURRENT_TIMESTAMP,null);
INSERT INTO "PG_ROLE_FEATURE_MAPPING_NEW" (ID,USER_ROLE_ID,FEATURE_ID,CREATED_DATE,CREATED_BY,UPDATED_DATE,UPDATED_BY) VALUES (57,'1',57,CURRENT_TIMESTAMP,'ADMIN',CURRENT_TIMESTAMP,null);
INSERT INTO "PG_ROLE_FEATURE_MAPPING_NEW" (ID,USER_ROLE_ID,FEATURE_ID,CREATED_DATE,CREATED_BY,UPDATED_DATE,UPDATED_BY) VALUES (58,'1',58,CURRENT_TIMESTAMP,'ADMIN',CURRENT_TIMESTAMP,null);
INSERT INTO "PG_ROLE_FEATURE_MAPPING_NEW" (ID,USER_ROLE_ID,FEATURE_ID,CREATED_DATE,CREATED_BY,UPDATED_DATE,UPDATED_BY) VALUES (59,'1',59,CURRENT_TIMESTAMP,'ADMIN',CURRENT_TIMESTAMP,null);
INSERT INTO "PG_ROLE_FEATURE_MAPPING_NEW" (ID,USER_ROLE_ID,FEATURE_ID,CREATED_DATE,CREATED_BY,UPDATED_DATE,UPDATED_BY) VALUES (60,'1',60,CURRENT_TIMESTAMP,'ADMIN',CURRENT_TIMESTAMP,null);
INSERT INTO "PG_ROLE_FEATURE_MAPPING_NEW" (ID,USER_ROLE_ID,FEATURE_ID,CREATED_DATE,CREATED_BY,UPDATED_DATE,UPDATED_BY) VALUES (61,'1',61,CURRENT_TIMESTAMP,'ADMIN',CURRENT_TIMESTAMP,null);
INSERT INTO "PG_ROLE_FEATURE_MAPPING_NEW" (ID,USER_ROLE_ID,FEATURE_ID,CREATED_DATE,CREATED_BY,UPDATED_DATE,UPDATED_BY) VALUES (62,'1',62,CURRENT_TIMESTAMP,'ADMIN',CURRENT_TIMESTAMP,null);
INSERT INTO "PG_ROLE_FEATURE_MAPPING_NEW" (ID,USER_ROLE_ID,FEATURE_ID,CREATED_DATE,CREATED_BY,UPDATED_DATE,UPDATED_BY) VALUES (63,'1',63,CURRENT_TIMESTAMP,'ADMIN',CURRENT_TIMESTAMP,null);
INSERT INTO "PG_ROLE_FEATURE_MAPPING_NEW" (ID,USER_ROLE_ID,FEATURE_ID,CREATED_DATE,CREATED_BY,UPDATED_DATE,UPDATED_BY) VALUES (64,'1',64,CURRENT_TIMESTAMP,'ADMIN',CURRENT_TIMESTAMP,null);
INSERT INTO "PG_ROLE_FEATURE_MAPPING_NEW" (ID,USER_ROLE_ID,FEATURE_ID,CREATED_DATE,CREATED_BY,UPDATED_DATE,UPDATED_BY) VALUES (65,'1',65,CURRENT_TIMESTAMP,'ADMIN',CURRENT_TIMESTAMP,null);
INSERT INTO "PG_ROLE_FEATURE_MAPPING_NEW" (ID,USER_ROLE_ID,FEATURE_ID,CREATED_DATE,CREATED_BY,UPDATED_DATE,UPDATED_BY) VALUES (66,'1',66,CURRENT_TIMESTAMP,'ADMIN',CURRENT_TIMESTAMP,null);
INSERT INTO "PG_ROLE_FEATURE_MAPPING_NEW" (ID,USER_ROLE_ID,FEATURE_ID,CREATED_DATE,CREATED_BY,UPDATED_DATE,UPDATED_BY) VALUES (67,'1',67,CURRENT_TIMESTAMP,'ADMIN',CURRENT_TIMESTAMP,null);
INSERT INTO "PG_ROLE_FEATURE_MAPPING_NEW" (ID,USER_ROLE_ID,FEATURE_ID,CREATED_DATE,CREATED_BY,UPDATED_DATE,UPDATED_BY) VALUES (68,'1',68,CURRENT_TIMESTAMP,'ADMIN',CURRENT_TIMESTAMP,null);
INSERT INTO "PG_ROLE_FEATURE_MAPPING_NEW" (ID,USER_ROLE_ID,FEATURE_ID,CREATED_DATE,CREATED_BY,UPDATED_DATE,UPDATED_BY) VALUES (69,'1',69,CURRENT_TIMESTAMP,'ADMIN',CURRENT_TIMESTAMP,null);
INSERT INTO "PG_ROLE_FEATURE_MAPPING_NEW" (ID,USER_ROLE_ID,FEATURE_ID,CREATED_DATE,CREATED_BY,UPDATED_DATE,UPDATED_BY) VALUES (70,'1',70,CURRENT_TIMESTAMP,'ADMIN',CURRENT_TIMESTAMP,null);
INSERT INTO "PG_ROLE_FEATURE_MAPPING_NEW" (ID,USER_ROLE_ID,FEATURE_ID,CREATED_DATE,CREATED_BY,UPDATED_DATE,UPDATED_BY) VALUES (71,'1',71,CURRENT_TIMESTAMP,'ADMIN',CURRENT_TIMESTAMP,null);
INSERT INTO "PG_ROLE_FEATURE_MAPPING_NEW" (ID,USER_ROLE_ID,FEATURE_ID,CREATED_DATE,CREATED_BY,UPDATED_DATE,UPDATED_BY) VALUES (72,'1',72,CURRENT_TIMESTAMP,'ADMIN',CURRENT_TIMESTAMP,null);
INSERT INTO "PG_ROLE_FEATURE_MAPPING_NEW" (ID,USER_ROLE_ID,FEATURE_ID,CREATED_DATE,CREATED_BY,UPDATED_DATE,UPDATED_BY) VALUES (73,'1',73,CURRENT_TIMESTAMP,'ADMIN',CURRENT_TIMESTAMP,null);
INSERT INTO "PG_ROLE_FEATURE_MAPPING_NEW" (ID,USER_ROLE_ID,FEATURE_ID,CREATED_DATE,CREATED_BY,UPDATED_DATE,UPDATED_BY) VALUES (74,'1',74,CURRENT_TIMESTAMP,'ADMIN',CURRENT_TIMESTAMP,null);
INSERT INTO "PG_ROLE_FEATURE_MAPPING_NEW" (ID,USER_ROLE_ID,FEATURE_ID,CREATED_DATE,CREATED_BY,UPDATED_DATE,UPDATED_BY) VALUES (75,'1',75,CURRENT_TIMESTAMP,'ADMIN',CURRENT_TIMESTAMP,null);
INSERT INTO "PG_ROLE_FEATURE_MAPPING_NEW" (ID,USER_ROLE_ID,FEATURE_ID,CREATED_DATE,CREATED_BY,UPDATED_DATE,UPDATED_BY) VALUES (76,'1',76,CURRENT_TIMESTAMP,'ADMIN',CURRENT_TIMESTAMP,null);
INSERT INTO "PG_ROLE_FEATURE_MAPPING_NEW" (ID,USER_ROLE_ID,FEATURE_ID,CREATED_DATE,CREATED_BY,UPDATED_DATE,UPDATED_BY) VALUES (77,'1',77,CURRENT_TIMESTAMP,'ADMIN',CURRENT_TIMESTAMP,null);
INSERT INTO "PG_ROLE_FEATURE_MAPPING_NEW" (ID,USER_ROLE_ID,FEATURE_ID,CREATED_DATE,CREATED_BY,UPDATED_DATE,UPDATED_BY) VALUES (78,'1',78,CURRENT_TIMESTAMP,'ADMIN',CURRENT_TIMESTAMP,null);
INSERT INTO "PG_ROLE_FEATURE_MAPPING_NEW" (ID,USER_ROLE_ID,FEATURE_ID,CREATED_DATE,CREATED_BY,UPDATED_DATE,UPDATED_BY) VALUES (79,'1',79,CURRENT_TIMESTAMP,'ADMIN',CURRENT_TIMESTAMP,null);
INSERT INTO "PG_ROLE_FEATURE_MAPPING_NEW" (ID,USER_ROLE_ID,FEATURE_ID,CREATED_DATE,CREATED_BY,UPDATED_DATE,UPDATED_BY) VALUES (80,'1',80,CURRENT_TIMESTAMP,'ADMIN',CURRENT_TIMESTAMP,null);
INSERT INTO "PG_ROLE_FEATURE_MAPPING_NEW" (ID,USER_ROLE_ID,FEATURE_ID,CREATED_DATE,CREATED_BY,UPDATED_DATE,UPDATED_BY) VALUES (81,'1',81,CURRENT_TIMESTAMP,'ADMIN',CURRENT_TIMESTAMP,null);
INSERT INTO "PG_ROLE_FEATURE_MAPPING_NEW" (ID,USER_ROLE_ID,FEATURE_ID,CREATED_DATE,CREATED_BY,UPDATED_DATE,UPDATED_BY) VALUES (82,'1',82,CURRENT_TIMESTAMP,'ADMIN',CURRENT_TIMESTAMP,null);
INSERT INTO "PG_ROLE_FEATURE_MAPPING_NEW" (ID,USER_ROLE_ID,FEATURE_ID,CREATED_DATE,CREATED_BY,UPDATED_DATE,UPDATED_BY) VALUES (83,'1',83,CURRENT_TIMESTAMP,'ADMIN',CURRENT_TIMESTAMP,null);

INSERT INTO "PG_ROLE_FEATURE_MAPPING_NEW" (ID,USER_ROLE_ID,FEATURE_ID,CREATED_DATE,CREATED_BY,UPDATED_DATE,UPDATED_BY) VALUES (138,'1',138,CURRENT_TIMESTAMP,'ADMIN',CURRENT_TIMESTAMP,null);
INSERT INTO "PG_ROLE_FEATURE_MAPPING_NEW" (ID,USER_ROLE_ID,FEATURE_ID,CREATED_DATE,CREATED_BY,UPDATED_DATE,UPDATED_BY) VALUES (139,'1',139,CURRENT_TIMESTAMP,'ADMIN',CURRENT_TIMESTAMP,null);
INSERT INTO "PG_ROLE_FEATURE_MAPPING_NEW" (ID,USER_ROLE_ID,FEATURE_ID,CREATED_DATE,CREATED_BY,UPDATED_DATE,UPDATED_BY) VALUES (140,'1',140,CURRENT_TIMESTAMP,'ADMIN',CURRENT_TIMESTAMP,null);
INSERT INTO "PG_ROLE_FEATURE_MAPPING_NEW" (ID,USER_ROLE_ID,FEATURE_ID,CREATED_DATE,CREATED_BY,UPDATED_DATE,UPDATED_BY) VALUES (141,'1',141,CURRENT_TIMESTAMP,'ADMIN',CURRENT_TIMESTAMP,null);

INSERT INTO "PG_ROLE_FEATURE_MAPPING_NEW" (ID,USER_ROLE_ID,FEATURE_ID,CREATED_DATE,CREATED_BY,UPDATED_DATE,UPDATED_BY) VALUES (142,'1',142,CURRENT_TIMESTAMP,'ADMIN',CURRENT_TIMESTAMP,null);
INSERT INTO "PG_ROLE_FEATURE_MAPPING_NEW" (ID,USER_ROLE_ID,FEATURE_ID,CREATED_DATE,CREATED_BY,UPDATED_DATE,UPDATED_BY) VALUES (143,'1',143,CURRENT_TIMESTAMP,'ADMIN',CURRENT_TIMESTAMP,null);
INSERT INTO "PG_ROLE_FEATURE_MAPPING_NEW" (ID,USER_ROLE_ID,FEATURE_ID,CREATED_DATE,CREATED_BY,UPDATED_DATE,UPDATED_BY) VALUES (144,'1',144,CURRENT_TIMESTAMP,'ADMIN',CURRENT_TIMESTAMP,null);
INSERT INTO "PG_ROLE_FEATURE_MAPPING_NEW" (ID,USER_ROLE_ID,FEATURE_ID,CREATED_DATE,CREATED_BY,UPDATED_DATE,UPDATED_BY) VALUES (145,'1',145,CURRENT_TIMESTAMP,'ADMIN',CURRENT_TIMESTAMP,null);

INSERT INTO "PG_ROLE_FEATURE_MAPPING_NEW"(ID,USER_ROLE_ID,FEATURE_ID,CREATED_DATE,CREATED_BY,UPDATED_DATE,UPDATED_BY) VALUES (84,'3',119,CURRENT_TIMESTAMP,'TMS',CURRENT_TIMESTAMP,null);
INSERT INTO "PG_ROLE_FEATURE_MAPPING_NEW"(ID,USER_ROLE_ID,FEATURE_ID,CREATED_DATE,CREATED_BY,UPDATED_DATE,UPDATED_BY) VALUES (85,'3',120,CURRENT_TIMESTAMP,'TMS',CURRENT_TIMESTAMP,null);
INSERT INTO "PG_ROLE_FEATURE_MAPPING_NEW" (ID,USER_ROLE_ID,FEATURE_ID,CREATED_DATE,CREATED_BY,UPDATED_DATE,UPDATED_BY) VALUES (86,'3',121,CURRENT_TIMESTAMP,'TMS',CURRENT_TIMESTAMP,null);
INSERT INTO "PG_ROLE_FEATURE_MAPPING_NEW" (ID,USER_ROLE_ID,FEATURE_ID,CREATED_DATE,CREATED_BY,UPDATED_DATE,UPDATED_BY) VALUES (87,'3',122,CURRENT_TIMESTAMP,'TMS',CURRENT_TIMESTAMP,null);
INSERT INTO "PG_ROLE_FEATURE_MAPPING_NEW" (ID,USER_ROLE_ID,FEATURE_ID,CREATED_DATE,CREATED_BY,UPDATED_DATE,UPDATED_BY) VALUES (88,'3',123,CURRENT_TIMESTAMP,'TMS',CURRENT_TIMESTAMP,null);
INSERT INTO "PG_ROLE_FEATURE_MAPPING_NEW" (ID,USER_ROLE_ID,FEATURE_ID,CREATED_DATE,CREATED_BY,UPDATED_DATE,UPDATED_BY) VALUES (89,'3',124,CURRENT_TIMESTAMP,'TMS',CURRENT_TIMESTAMP,null);
INSERT INTO "PG_ROLE_FEATURE_MAPPING_NEW" (ID,USER_ROLE_ID,FEATURE_ID,CREATED_DATE,CREATED_BY,UPDATED_DATE,UPDATED_BY) VALUES (90,'3',125,CURRENT_TIMESTAMP,'TMS',CURRENT_TIMESTAMP,null);
INSERT INTO "PG_ROLE_FEATURE_MAPPING_NEW" (ID,USER_ROLE_ID,FEATURE_ID,CREATED_DATE,CREATED_BY,UPDATED_DATE,UPDATED_BY) VALUES (91,'3',126,CURRENT_TIMESTAMP,'TMS',CURRENT_TIMESTAMP,null);
INSERT INTO "PG_ROLE_FEATURE_MAPPING_NEW" (ID,USER_ROLE_ID,FEATURE_ID,CREATED_DATE,CREATED_BY,UPDATED_DATE,UPDATED_BY) VALUES (92,'3',127,CURRENT_TIMESTAMP,'TMS',CURRENT_TIMESTAMP,null);
INSERT INTO "PG_ROLE_FEATURE_MAPPING_NEW" (ID,USER_ROLE_ID,FEATURE_ID,CREATED_DATE,CREATED_BY,UPDATED_DATE,UPDATED_BY) VALUES (93,'3',128,CURRENT_TIMESTAMP,'TMS',CURRENT_TIMESTAMP,null);
INSERT INTO "PG_ROLE_FEATURE_MAPPING_NEW" (ID,USER_ROLE_ID,FEATURE_ID,CREATED_DATE,CREATED_BY,UPDATED_DATE,UPDATED_BY) VALUES (94,'3',129,CURRENT_TIMESTAMP,'TMS',CURRENT_TIMESTAMP,null);
INSERT INTO "PG_ROLE_FEATURE_MAPPING_NEW" (ID,USER_ROLE_ID,FEATURE_ID,CREATED_DATE,CREATED_BY,UPDATED_DATE,UPDATED_BY) VALUES (95,'3',130,CURRENT_TIMESTAMP,'TMS',CURRENT_TIMESTAMP,null);
INSERT INTO "PG_ROLE_FEATURE_MAPPING_NEW" (ID,USER_ROLE_ID,FEATURE_ID,CREATED_DATE,CREATED_BY,UPDATED_DATE,UPDATED_BY) VALUES (96,'3',131,CURRENT_TIMESTAMP,'TMS',CURRENT_TIMESTAMP,null);
INSERT INTO "PG_ROLE_FEATURE_MAPPING_NEW" (ID,USER_ROLE_ID,FEATURE_ID,CREATED_DATE,CREATED_BY,UPDATED_DATE,UPDATED_BY) VALUES (97,'3',132,CURRENT_TIMESTAMP,'TMS',CURRENT_TIMESTAMP,null);
INSERT INTO "PG_ROLE_FEATURE_MAPPING_NEW" (ID,USER_ROLE_ID,FEATURE_ID,CREATED_DATE,CREATED_BY,UPDATED_DATE,UPDATED_BY) VALUES (98,'3',133,CURRENT_TIMESTAMP,'TMS',CURRENT_TIMESTAMP,null);
INSERT INTO "PG_ROLE_FEATURE_MAPPING_NEW" (ID,USER_ROLE_ID,FEATURE_ID,CREATED_DATE,CREATED_BY,UPDATED_DATE,UPDATED_BY) VALUES (99,'3',134,CURRENT_TIMESTAMP,'TMS',CURRENT_TIMESTAMP,null);
INSERT INTO "PG_ROLE_FEATURE_MAPPING_NEW" (ID,USER_ROLE_ID,FEATURE_ID,CREATED_DATE,CREATED_BY,UPDATED_DATE,UPDATED_BY) VALUES (100,'3',135,CURRENT_TIMESTAMP,'TMS',CURRENT_TIMESTAMP,null);
INSERT INTO "PG_ROLE_FEATURE_MAPPING_NEW" (ID,USER_ROLE_ID,FEATURE_ID,CREATED_DATE,CREATED_BY,UPDATED_DATE,UPDATED_BY) VALUES (101,'3',136,CURRENT_TIMESTAMP,'TMS',CURRENT_TIMESTAMP,null);
INSERT INTO "PG_ROLE_FEATURE_MAPPING_NEW" (ID,USER_ROLE_ID,FEATURE_ID,CREATED_DATE,CREATED_BY,UPDATED_DATE,UPDATED_BY) VALUES (102,'3',137,CURRENT_TIMESTAMP,'TMS',CURRENT_TIMESTAMP,null);


INSERT INTO "PG_ROLE_FEATURE_MAPPING_NEW"(ID,USER_ROLE_ID,FEATURE_ID,CREATED_DATE,CREATED_BY,UPDATED_DATE,UPDATED_BY) VALUES (103,'2',84,CURRENT_TIMESTAMP,'Merchant',CURRENT_TIMESTAMP,null);
INSERT INTO "PG_ROLE_FEATURE_MAPPING_NEW"(ID,USER_ROLE_ID,FEATURE_ID,CREATED_DATE,CREATED_BY,UPDATED_DATE,UPDATED_BY) VALUES (104,'2',85,CURRENT_TIMESTAMP,'Merchant',CURRENT_TIMESTAMP,null);
INSERT INTO "PG_ROLE_FEATURE_MAPPING_NEW" (ID,USER_ROLE_ID,FEATURE_ID,CREATED_DATE,CREATED_BY,UPDATED_DATE,UPDATED_BY) VALUES (105,'2',86,CURRENT_TIMESTAMP,'Merchant',CURRENT_TIMESTAMP,null);
INSERT INTO "PG_ROLE_FEATURE_MAPPING_NEW" (ID,USER_ROLE_ID,FEATURE_ID,CREATED_DATE,CREATED_BY,UPDATED_DATE,UPDATED_BY) VALUES (106,'2',87,CURRENT_TIMESTAMP,'Merchant',CURRENT_TIMESTAMP,null);
INSERT INTO "PG_ROLE_FEATURE_MAPPING_NEW" (ID,USER_ROLE_ID,FEATURE_ID,CREATED_DATE,CREATED_BY,UPDATED_DATE,UPDATED_BY) VALUES (107,'2',88,CURRENT_TIMESTAMP,'Merchant',CURRENT_TIMESTAMP,null);
INSERT INTO "PG_ROLE_FEATURE_MAPPING_NEW" (ID,USER_ROLE_ID,FEATURE_ID,CREATED_DATE,CREATED_BY,UPDATED_DATE,UPDATED_BY) VALUES (108,'2',89,CURRENT_TIMESTAMP,'Merchant',CURRENT_TIMESTAMP,null);
INSERT INTO "PG_ROLE_FEATURE_MAPPING_NEW" (ID,USER_ROLE_ID,FEATURE_ID,CREATED_DATE,CREATED_BY,UPDATED_DATE,UPDATED_BY) VALUES (109,'2',90,CURRENT_TIMESTAMP,'Merchant',CURRENT_TIMESTAMP,null);
INSERT INTO "PG_ROLE_FEATURE_MAPPING_NEW" (ID,USER_ROLE_ID,FEATURE_ID,CREATED_DATE,CREATED_BY,UPDATED_DATE,UPDATED_BY) VALUES (110,'2',91,CURRENT_TIMESTAMP,'Merchant',CURRENT_TIMESTAMP,null);
INSERT INTO "PG_ROLE_FEATURE_MAPPING_NEW" (ID,USER_ROLE_ID,FEATURE_ID,CREATED_DATE,CREATED_BY,UPDATED_DATE,UPDATED_BY) VALUES (111,'2',92,CURRENT_TIMESTAMP,'Merchant',CURRENT_TIMESTAMP,null);
INSERT INTO "PG_ROLE_FEATURE_MAPPING_NEW" (ID,USER_ROLE_ID,FEATURE_ID,CREATED_DATE,CREATED_BY,UPDATED_DATE,UPDATED_BY) VALUES (112,'2',93,CURRENT_TIMESTAMP,'Merchant',CURRENT_TIMESTAMP,null);
INSERT INTO "PG_ROLE_FEATURE_MAPPING_NEW" (ID,USER_ROLE_ID,FEATURE_ID,CREATED_DATE,CREATED_BY,UPDATED_DATE,UPDATED_BY) VALUES (113,'2',94,CURRENT_TIMESTAMP,'Merchant',CURRENT_TIMESTAMP,null);
INSERT INTO "PG_ROLE_FEATURE_MAPPING_NEW" (ID,USER_ROLE_ID,FEATURE_ID,CREATED_DATE,CREATED_BY,UPDATED_DATE,UPDATED_BY) VALUES (114,'2',95,CURRENT_TIMESTAMP,'Merchant',CURRENT_TIMESTAMP,null);
INSERT INTO "PG_ROLE_FEATURE_MAPPING_NEW" (ID,USER_ROLE_ID,FEATURE_ID,CREATED_DATE,CREATED_BY,UPDATED_DATE,UPDATED_BY) VALUES (115,'2',96,CURRENT_TIMESTAMP,'Merchant',CURRENT_TIMESTAMP,null);
INSERT INTO "PG_ROLE_FEATURE_MAPPING_NEW" (ID,USER_ROLE_ID,FEATURE_ID,CREATED_DATE,CREATED_BY,UPDATED_DATE,UPDATED_BY) VALUES (116,'2',97,CURRENT_TIMESTAMP,'Merchant',CURRENT_TIMESTAMP,null);
INSERT INTO "PG_ROLE_FEATURE_MAPPING_NEW" (ID,USER_ROLE_ID,FEATURE_ID,CREATED_DATE,CREATED_BY,UPDATED_DATE,UPDATED_BY) VALUES (117,'2',98,CURRENT_TIMESTAMP,'Merchant',CURRENT_TIMESTAMP,null);
INSERT INTO "PG_ROLE_FEATURE_MAPPING_NEW" (ID,USER_ROLE_ID,FEATURE_ID,CREATED_DATE,CREATED_BY,UPDATED_DATE,UPDATED_BY) VALUES (118,'2',99,CURRENT_TIMESTAMP,'Merchant',CURRENT_TIMESTAMP,null);
INSERT INTO "PG_ROLE_FEATURE_MAPPING_NEW" (ID,USER_ROLE_ID,FEATURE_ID,CREATED_DATE,CREATED_BY,UPDATED_DATE,UPDATED_BY) VALUES (119,'2',100,CURRENT_TIMESTAMP,'Merchant',CURRENT_TIMESTAMP,null);
INSERT INTO "PG_ROLE_FEATURE_MAPPING_NEW" (ID,USER_ROLE_ID,FEATURE_ID,CREATED_DATE,CREATED_BY,UPDATED_DATE,UPDATED_BY) VALUES (120,'2',101,CURRENT_TIMESTAMP,'Merchant',CURRENT_TIMESTAMP,null);
INSERT INTO "PG_ROLE_FEATURE_MAPPING_NEW" (ID,USER_ROLE_ID,FEATURE_ID,CREATED_DATE,CREATED_BY,UPDATED_DATE,UPDATED_BY) VALUES (121,'2',102,CURRENT_TIMESTAMP,'Merchant',CURRENT_TIMESTAMP,null);
INSERT INTO "PG_ROLE_FEATURE_MAPPING_NEW"(ID,USER_ROLE_ID,FEATURE_ID,CREATED_DATE,CREATED_BY,UPDATED_DATE,UPDATED_BY) VALUES (122,'2',103,CURRENT_TIMESTAMP,'Merchant',CURRENT_TIMESTAMP,null);
INSERT INTO "PG_ROLE_FEATURE_MAPPING_NEW"(ID,USER_ROLE_ID,FEATURE_ID,CREATED_DATE,CREATED_BY,UPDATED_DATE,UPDATED_BY) VALUES (123,'2',104,CURRENT_TIMESTAMP,'Merchant',CURRENT_TIMESTAMP,null);
INSERT INTO "PG_ROLE_FEATURE_MAPPING_NEW" (ID,USER_ROLE_ID,FEATURE_ID,CREATED_DATE,CREATED_BY,UPDATED_DATE,UPDATED_BY) VALUES (124,'2',105,CURRENT_TIMESTAMP,'Merchant',CURRENT_TIMESTAMP,null);
INSERT INTO "PG_ROLE_FEATURE_MAPPING_NEW" (ID,USER_ROLE_ID,FEATURE_ID,CREATED_DATE,CREATED_BY,UPDATED_DATE,UPDATED_BY) VALUES (125,'2',106,CURRENT_TIMESTAMP,'Merchant',CURRENT_TIMESTAMP,null);


INSERT INTO "PG_ROLE_FEATURE_MAPPING_NEW" (ID,USER_ROLE_ID,FEATURE_ID,CREATED_DATE,CREATED_BY,UPDATED_DATE,UPDATED_BY) VALUES (126,'4',107,CURRENT_TIMESTAMP,'Reseller',CURRENT_TIMESTAMP,null);
INSERT INTO "PG_ROLE_FEATURE_MAPPING_NEW" (ID,USER_ROLE_ID,FEATURE_ID,CREATED_DATE,CREATED_BY,UPDATED_DATE,UPDATED_BY) VALUES (127,'4',108,CURRENT_TIMESTAMP,'Reseller',CURRENT_TIMESTAMP,null);
INSERT INTO "PG_ROLE_FEATURE_MAPPING_NEW" (ID,USER_ROLE_ID,FEATURE_ID,CREATED_DATE,CREATED_BY,UPDATED_DATE,UPDATED_BY) VALUES (128,'4',109,CURRENT_TIMESTAMP,'Reseller',CURRENT_TIMESTAMP,null);
INSERT INTO "PG_ROLE_FEATURE_MAPPING_NEW" (ID,USER_ROLE_ID,FEATURE_ID,CREATED_DATE,CREATED_BY,UPDATED_DATE,UPDATED_BY) VALUES (129,'4',110,CURRENT_TIMESTAMP,'Reseller',CURRENT_TIMESTAMP,null);
INSERT INTO "PG_ROLE_FEATURE_MAPPING_NEW" (ID,USER_ROLE_ID,FEATURE_ID,CREATED_DATE,CREATED_BY,UPDATED_DATE,UPDATED_BY) VALUES (130,'4',111,CURRENT_TIMESTAMP,'Reseller',CURRENT_TIMESTAMP,null);
INSERT INTO "PG_ROLE_FEATURE_MAPPING_NEW" (ID,USER_ROLE_ID,FEATURE_ID,CREATED_DATE,CREATED_BY,UPDATED_DATE,UPDATED_BY) VALUES (131,'4',112,CURRENT_TIMESTAMP,'Reseller',CURRENT_TIMESTAMP,null);
INSERT INTO "PG_ROLE_FEATURE_MAPPING_NEW" (ID,USER_ROLE_ID,FEATURE_ID,CREATED_DATE,CREATED_BY,UPDATED_DATE,UPDATED_BY) VALUES (132,'4',113,CURRENT_TIMESTAMP,'Reseller',CURRENT_TIMESTAMP,null);
INSERT INTO "PG_ROLE_FEATURE_MAPPING_NEW" (ID,USER_ROLE_ID,FEATURE_ID,CREATED_DATE,CREATED_BY,UPDATED_DATE,UPDATED_BY) VALUES (133,'4',114,CURRENT_TIMESTAMP,'Reseller',CURRENT_TIMESTAMP,null);
INSERT INTO "PG_ROLE_FEATURE_MAPPING_NEW" (ID,USER_ROLE_ID,FEATURE_ID,CREATED_DATE,CREATED_BY,UPDATED_DATE,UPDATED_BY) VALUES (134,'4',115,CURRENT_TIMESTAMP,'Reseller',CURRENT_TIMESTAMP,null);
INSERT INTO "PG_ROLE_FEATURE_MAPPING_NEW" (ID,USER_ROLE_ID,FEATURE_ID,CREATED_DATE,CREATED_BY,UPDATED_DATE,UPDATED_BY) VALUES (135,'4',116,CURRENT_TIMESTAMP,'Reseller',CURRENT_TIMESTAMP,null);
INSERT INTO "PG_ROLE_FEATURE_MAPPING_NEW" (ID,USER_ROLE_ID,FEATURE_ID,CREATED_DATE,CREATED_BY,UPDATED_DATE,UPDATED_BY) VALUES (136,'4',117,CURRENT_TIMESTAMP,'Reseller',CURRENT_TIMESTAMP,null);
INSERT INTO "PG_ROLE_FEATURE_MAPPING_NEW" (ID,USER_ROLE_ID,FEATURE_ID,CREATED_DATE,CREATED_BY,UPDATED_DATE,UPDATED_BY) VALUES (137,'4',118,CURRENT_TIMESTAMP,'Reseller',CURRENT_TIMESTAMP,null);

ALTER TABLE PG_ADMIN_USER ADD USER_ROLE_TYPE VARCHAR2(20) DEFAULT NULL

ALTER TABLE PG_MERCHANT ADD AGENT_ACC_NUMBER VARCHAR2(20);
ALTER TABLE PG_MERCHANT ADD AGENT_CLIENT_ID VARCHAR2(50);
ALTER TABLE PG_MERCHANT ADD AGENT_ANI VARCHAR2(50);
ALTER TABLE PG_MERCHANT ADD DECLINED_REASON VARCHAR2(500);
ALTER TABLE PG_MERCHANT_USERS ADD USER_ROLE_TYPE VARCHAR2(50);
ALTER TABLE PG_MERCHANT_USERS ADD ADDRESS VARCHAR2(200);

ALTER TABLE PG_TRANSACTION ADD REFUND_STATUS NUMBER(2) DEFAULT 0;

ALTER TABLE PG_TRANSACTION MODIFY POS_ENTRY_MODE VARCHAR2(50);

ALTER TABLE PG_SWITCH_TRANSACTION MODIFY POS_ENTRY_MODE VARCHAR2(50);

-------------------------------------------------------------------
--Partial refund changes
-------------------------------------------------------------------
 ALTER TABLE PG_ACCOUNT_TRANSACTIONS ADD REFUNDABLE_AMOUNT NUMBER(20,0);
 
 ALTER TABLE PG_TRANSACTION ADD CARD_HOLDER_EMAIL VARCHAR2(100);
 
 CREATE SEQUENCE  "SEQ_PG_ACCOUNT_TRANSACTIONS"  MINVALUE 1 MAXVALUE 99999999999999999999 INCREMENT BY 1 START WITH 10 NOCACHE  NOORDER  NOCYCLE ;
 
COMMIT;